PROTID	GENEID	GRLCL_1D_ETHCD_INT	GRLCL_1D_HCD_INT	GRLCL_2D_ETHCD_INT	
na	na	GRLCL_1D	GRLCL_1D	GRLCL_2D	
SPROHSA100017		0.000000	0.000000	0.000000	
SPROHSA100401		0.000000	0.000000	0.000000	
SPROHSA10046		0.000000	0.000000	0.000000	
SPROHSA100502		0.000000	0.000000	0.000000	
SPROHSA100508		0.000000	0.000000	0.000000	
SPROHSA100641		0.000000	0.000000	0.000000	
SPROHSA100725		0.000000	0.000000	0.000000	
SPROHSA100753		0.000000	0.000000	0.000000	
SPROHSA10078		0.000000	0.000000	0.000000	
SPROHSA100858		0.000000	0.000000	0.000000	
SPROHSA100895		0.000000	0.000000	0.000000	
SPROHSA100977		0.000000	0.000000	0.000000	
SPROHSA101		0.000000	0.000000	0.000000	
SPROHSA101091		0.000000	0.000000	0.000000	
SPROHSA101179		0.000000	0.000000	0.000000	
SPROHSA101228		0.000000	0.000000	0.000000	
SPROHSA10144		0.000000	0.000000	0.000000	
SPROHSA101581		0.000000	0.000000	0.000000	
SPROHSA101955		0.000000	0.000000	0.000000	
SPROHSA102089		0.000000	0.000000	0.000000	
SPROHSA102203		0.000000	0.000000	0.000000	
SPROHSA102275		0.000000	0.000000	0.000000	
SPROHSA102649		0.000000	0.000000	0.000000	
SPROHSA10275		0.000000	0.000000	0.000000	
SPROHSA102773		0.000000	0.000000	0.000000	
SPROHSA103105		0.000000	0.000000	0.000000	
SPROHSA103126		0.000000	0.000000	0.000000	
SPROHSA103420		0.000000	0.000000	0.000000	
SPROHSA103471		0.000000	0.000000	0.000000	
SPROHSA103831		0.000000	0.000000	0.000000	
SPROHSA10386		0.000000	0.000000	0.000000	
SPROHSA103995		0.000000	0.000000	0.000000	
SPROHSA104097		0.000000	0.000000	0.000000	
SPROHSA104304		0.000000	0.000000	0.000000	
SPROHSA104436		0.000000	0.000000	0.000000	
SPROHSA104465		0.000000	0.000000	0.000000	
SPROHSA104763		0.000000	0.000000	0.000000	
SPROHSA104774		0.000000	0.000000	0.000000	
SPROHSA105213		0.000000	0.000000	0.000000	
SPROHSA105245		0.000000	0.000000	0.000000	
SPROHSA105477		0.000000	0.000000	0.000000	
SPROHSA105511		0.000000	0.000000	0.000000	
SPROHSA105785		0.000000	0.000000	0.000000	
SPROHSA105795		0.000000	0.000000	0.000000	
SPROHSA105973		0.000000	0.000000	0.000000	
SPROHSA106010		0.000000	0.000000	0.000000	
SPROHSA106075		0.000000	0.000000	0.000000	
SPROHSA106396		0.000000	0.000000	0.000000	
SPROHSA106615		0.000000	0.000000	0.000000	
SPROHSA106620		0.000000	0.000000	0.000000	
SPROHSA106810		0.000000	0.000000	0.000000	
SPROHSA106874		0.000000	0.000000	0.000000	
SPROHSA106879		0.000000	0.000000	0.000000	
SPROHSA106923		0.000000	0.000000	0.000000	
SPROHSA107067		0.000000	0.000000	0.000000	
SPROHSA107389		0.000000	0.000000	0.000000	
SPROHSA107501		0.000000	0.000000	0.000000	
SPROHSA107671		0.000000	0.000000	0.000000	
SPROHSA1079		0.000000	0.000000	0.000000	
SPROHSA108032		0.000000	0.000000	0.000000	
SPROHSA10808		0.000000	0.000000	0.000000	
SPROHSA108491		0.000000	0.000000	0.000000	
SPROHSA108601		0.000000	0.000000	0.000000	
SPROHSA109008		0.000000	0.000000	0.000000	
SPROHSA109136		0.000000	0.000000	0.000000	
SPROHSA109223		0.000000	0.000000	0.000000	
SPROHSA109395		0.000000	0.000000	0.000000	
SPROHSA10943		0.000000	0.000000	0.000000	
SPROHSA109438		0.000000	0.000000	0.000000	
SPROHSA109714		0.000000	0.000000	0.000000	
SPROHSA109770		0.000000	0.000000	0.000000	
SPROHSA110105		0.000000	0.000000	0.000000	
SPROHSA110132		0.000000	0.000000	0.000000	
SPROHSA110383		0.000000	0.000000	0.000000	
SPROHSA110423		0.000000	0.000000	0.000000	
SPROHSA11056		0.000000	0.000000	0.000000	
SPROHSA110642		0.000000	0.000000	0.000000	
SPROHSA110748		0.000000	0.000000	0.000000	
SPROHSA111115		0.000000	0.000000	0.000000	
SPROHSA111158		0.000000	0.000000	0.000000	
SPROHSA111162		0.000000	0.000000	0.000000	
SPROHSA11122		0.000000	0.000000	0.000000	
SPROHSA111411		0.000000	0.000000	0.000000	
SPROHSA111475		0.000000	0.000000	0.000000	
SPROHSA111513		0.000000	0.000000	0.000000	
SPROHSA111524		0.000000	0.000000	0.000000	
SPROHSA111526		0.000000	0.000000	0.000000	
SPROHSA111597		0.000000	0.000000	0.000000	
SPROHSA111643		0.000000	0.000000	0.000000	
SPROHSA111667		0.000000	0.000000	0.000000	
SPROHSA111703		0.000000	0.000000	0.000000	
SPROHSA111838		0.000000	0.000000	0.000000	
SPROHSA111887		0.000000	0.000000	0.000000	
SPROHSA111915		0.000000	0.000000	0.000000	
SPROHSA111956		0.000000	0.000000	0.000000	
SPROHSA111998		0.000000	0.000000	0.000000	
SPROHSA112019		0.000000	0.000000	0.000000	
SPROHSA112028		0.000000	0.000000	0.000000	
SPROHSA112140		0.000000	0.000000	0.000000	
SPROHSA11229		0.000000	0.000000	0.000000	
SPROHSA1123		0.000000	0.000000	0.000000	
SPROHSA112302		0.000000	0.000000	0.000000	
SPROHSA112671		0.000000	0.000000	0.000000	
SPROHSA112686		0.000000	0.000000	0.000000	
SPROHSA112810		0.000000	0.000000	0.000000	
SPROHSA112822		0.000000	0.000000	0.000000	
SPROHSA112911		0.000000	0.000000	0.000000	
SPROHSA112953		0.000000	0.000000	0.000000	
SPROHSA112990		0.000000	0.000000	0.000000	
SPROHSA113013		0.000000	0.000000	0.000000	
SPROHSA113142		0.000000	0.000000	0.000000	
SPROHSA11330		0.000000	0.000000	0.000000	
SPROHSA113419		0.000000	0.000000	0.000000	
SPROHSA113464		0.000000	0.000000	0.000000	
SPROHSA113618		0.000000	0.000000	0.000000	
SPROHSA113641		0.000000	0.000000	0.000000	
SPROHSA114117		0.000000	0.000000	0.000000	
SPROHSA114225		0.000000	0.000000	0.000000	
SPROHSA114234		0.000000	0.000000	0.000000	
SPROHSA11429		0.000000	0.000000	0.000000	
SPROHSA114304		0.000000	0.000000	0.000000	
SPROHSA114438		0.000000	0.000000	0.000000	
SPROHSA114776		0.000000	0.000000	0.000000	
SPROHSA11485		0.000000	0.000000	0.000000	
SPROHSA115011		0.000000	0.000000	0.000000	
SPROHSA115111		0.000000	0.000000	0.000000	
SPROHSA115747		0.000000	0.000000	0.000000	
SPROHSA116348		0.000000	0.000000	0.000000	
SPROHSA116442		0.000000	0.000000	0.000000	
SPROHSA116960		0.000000	0.000000	0.000000	
SPROHSA117105		0.000000	0.000000	0.000000	
SPROHSA117113		0.000000	0.000000	0.000000	
SPROHSA117173		0.000000	0.000000	0.000000	
SPROHSA117174		0.000000	0.000000	0.000000	
SPROHSA117240		0.000000	0.000000	0.000000	
SPROHSA117275		0.000000	0.000000	0.000000	
SPROHSA117292		0.000000	0.000000	0.000000	
SPROHSA117320		0.000000	0.000000	0.000000	
SPROHSA117327		0.000000	0.000000	0.000000	
SPROHSA117599		0.000000	0.000000	0.000000	
SPROHSA117612		0.000000	0.000000	0.000000	
SPROHSA117623		0.000000	0.000000	0.000000	
SPROHSA117633		0.000000	0.000000	0.000000	
SPROHSA117641		0.000000	0.000000	0.000000	
SPROHSA117845		0.000000	0.000000	0.000000	
SPROHSA118349		0.000000	0.000000	0.000000	
SPROHSA118359		0.000000	0.000000	0.000000	
SPROHSA118425		0.000000	0.000000	0.000000	
SPROHSA118643		0.000000	0.000000	0.000000	
SPROHSA11888		0.000000	0.000000	0.000000	
SPROHSA118951		0.000000	0.000000	0.000000	
SPROHSA119172		0.000000	0.000000	0.000000	
SPROHSA119438		0.000000	0.000000	0.000000	
SPROHSA119517		0.000000	0.000000	0.000000	
SPROHSA119585		0.000000	0.000000	0.000000	
SPROHSA119734		0.000000	0.000000	0.000000	
SPROHSA119737		0.000000	0.000000	0.000000	
SPROHSA119842		0.000000	0.000000	0.000000	
SPROHSA119924		0.000000	0.000000	0.000000	
SPROHSA120053		0.000000	0.000000	0.000000	
SPROHSA120071		0.000000	0.000000	0.000000	
SPROHSA120370		0.000000	0.000000	0.000000	
SPROHSA120782		0.000000	0.000000	0.000000	
SPROHSA120920		0.000000	0.000000	0.000000	
SPROHSA120926		0.000000	0.000000	0.000000	
SPROHSA121027		0.000000	0.000000	0.000000	
SPROHSA121478		0.000000	0.000000	0.000000	
SPROHSA121523		0.000000	0.000000	0.000000	
SPROHSA122057		0.000000	0.000000	0.000000	
SPROHSA122622		0.000000	0.000000	0.000000	
SPROHSA122744		0.000000	0.000000	0.000000	
SPROHSA122765		0.000000	0.000000	0.000000	
SPROHSA122855		0.000000	0.000000	0.000000	
SPROHSA122908		0.000000	0.000000	0.000000	
SPROHSA123152		0.000000	0.000000	0.000000	
SPROHSA123225		0.000000	0.000000	0.000000	
SPROHSA123321		0.000000	0.000000	0.000000	
SPROHSA123694		0.000000	0.000000	0.000000	
SPROHSA124045		0.000000	0.000000	0.000000	
SPROHSA124152		0.000000	0.000000	0.000000	
SPROHSA124174		0.000000	0.000000	0.000000	
SPROHSA124232		0.000000	0.000000	0.000000	
SPROHSA124242		0.000000	0.000000	0.000000	
SPROHSA12427		0.000000	0.000000	0.000000	
SPROHSA124452		0.000000	0.000000	0.000000	
SPROHSA124600		0.000000	0.000000	0.000000	
SPROHSA124781		0.000000	0.000000	0.000000	
SPROHSA124938		0.000000	0.000000	0.000000	
SPROHSA124992		0.000000	0.000000	0.000000	
SPROHSA125080		0.000000	0.000000	0.000000	
SPROHSA125254		0.000000	0.000000	0.000000	
SPROHSA12552		0.000000	0.000000	0.000000	
SPROHSA125536		0.000000	0.000000	0.000000	
SPROHSA125695		0.000000	0.000000	0.000000	
SPROHSA125783		0.000000	0.000000	0.000000	
SPROHSA125880		0.000000	0.000000	0.000000	
SPROHSA126109		0.000000	0.000000	0.000000	
SPROHSA126220		0.000000	0.000000	0.000000	
SPROHSA126259		0.000000	0.000000	0.000000	
SPROHSA126639		0.000000	0.000000	0.000000	
SPROHSA126815		0.000000	0.000000	0.000000	
SPROHSA126910		0.000000	0.000000	0.000000	
SPROHSA127231		0.000000	0.000000	0.000000	
SPROHSA127299		0.000000	0.000000	0.000000	
SPROHSA127411		0.000000	0.000000	0.000000	
SPROHSA127422		0.000000	0.000000	0.000000	
SPROHSA127508		0.000000	0.000000	0.000000	
SPROHSA127536		0.000000	0.000000	0.000000	
SPROHSA127629		0.000000	0.000000	0.000000	
SPROHSA12786		0.000000	0.000000	0.000000	
SPROHSA128125		0.000000	0.000000	0.000000	
SPROHSA12818		0.000000	0.000000	0.000000	
SPROHSA12837		0.000000	0.000000	0.000000	
SPROHSA128586		0.000000	0.000000	0.000000	
SPROHSA129074		0.000000	0.000000	0.000000	
SPROHSA129187		0.000000	0.000000	0.000000	
SPROHSA12923		0.000000	0.000000	0.000000	
SPROHSA129594		0.000000	0.000000	0.000000	
SPROHSA12983		0.000000	0.000000	0.000000	
SPROHSA129879		0.000000	0.000000	0.000000	
SPROHSA129923		0.000000	0.000000	0.000000	
SPROHSA130031		0.000000	0.000000	0.000000	
SPROHSA130039		0.000000	0.000000	0.000000	
SPROHSA1301		0.000000	0.000000	0.000000	
SPROHSA130120		0.000000	0.000000	0.000000	
SPROHSA130173		0.000000	0.000000	0.000000	
SPROHSA130260		0.000000	0.000000	0.000000	
SPROHSA130323		0.000000	0.000000	0.000000	
SPROHSA130329		0.000000	0.000000	0.000000	
SPROHSA130716		0.000000	0.000000	0.000000	
SPROHSA130989		0.000000	0.000000	0.000000	
SPROHSA131197		0.000000	0.000000	0.000000	
SPROHSA131224		0.000000	0.000000	0.000000	
SPROHSA131331		0.000000	0.000000	0.000000	
SPROHSA131705		0.000000	0.000000	0.000000	
SPROHSA13179		0.000000	0.000000	0.000000	
SPROHSA132127		0.000000	0.000000	0.000000	
SPROHSA132232		0.000000	0.000000	0.000000	
SPROHSA132281		0.000000	0.000000	0.000000	
SPROHSA132822		0.000000	0.000000	0.000000	
SPROHSA133136		0.000000	0.000000	0.000000	
SPROHSA133204		0.000000	0.000000	0.000000	
SPROHSA13393		0.000000	0.000000	0.000000	
SPROHSA134080		0.000000	0.000000	0.000000	
SPROHSA134140		0.000000	0.000000	0.000000	
SPROHSA134165		0.000000	0.000000	0.000000	
SPROHSA134350		0.000000	0.000000	0.000000	
SPROHSA134493		0.000000	0.000000	0.000000	
SPROHSA134674		0.000000	0.000000	0.000000	
SPROHSA13482		0.000000	0.000000	0.000000	
SPROHSA134963		0.000000	0.000000	0.000000	
SPROHSA134992		0.000000	0.000000	0.000000	
SPROHSA13503		0.000000	0.000000	0.000000	
SPROHSA13510		0.000000	0.000000	0.000000	
SPROHSA135366		0.000000	0.000000	0.000000	
SPROHSA135418		0.000000	0.000000	0.000000	
SPROHSA135454		0.000000	0.000000	0.000000	
SPROHSA135681		0.000000	0.000000	0.000000	
SPROHSA136268		0.000000	0.000000	0.000000	
SPROHSA13672		0.000000	0.000000	0.000000	
SPROHSA137028		0.000000	0.000000	0.000000	
SPROHSA137227		0.000000	0.000000	0.000000	
SPROHSA137258		0.000000	0.000000	0.000000	
SPROHSA137264		0.000000	0.000000	0.000000	
SPROHSA137432		0.000000	0.000000	0.000000	
SPROHSA137519		0.000000	0.000000	0.000000	
SPROHSA137891		0.000000	0.000000	0.000000	
SPROHSA138033		0.000000	0.000000	0.000000	
SPROHSA138182		0.000000	0.000000	0.000000	
SPROHSA138508		0.000000	0.000000	0.000000	
SPROHSA138537		0.000000	0.000000	0.000000	
SPROHSA138604		0.000000	0.000000	0.000000	
SPROHSA138689		0.000000	0.000000	0.000000	
SPROHSA13892		0.000000	0.000000	0.000000	
SPROHSA139134		0.000000	0.000000	0.000000	
SPROHSA139259		0.000000	0.000000	0.000000	
SPROHSA139615		0.000000	0.000000	0.000000	
SPROHSA139637		0.000000	0.000000	0.000000	
SPROHSA139679		0.000000	0.000000	0.000000	
SPROHSA13982		0.000000	0.000000	0.000000	
SPROHSA140023		0.000000	0.000000	0.000000	
SPROHSA140104		0.000000	0.000000	0.000000	
SPROHSA140178		0.000000	0.000000	0.000000	
SPROHSA140318		0.000000	0.000000	0.000000	
SPROHSA140358		0.000000	0.000000	0.000000	
SPROHSA140360		0.000000	0.000000	0.000000	
SPROHSA140623		0.000000	0.000000	0.000000	
SPROHSA140650		0.000000	0.000000	0.000000	
SPROHSA14090		0.000000	0.000000	0.000000	
SPROHSA141526		0.000000	0.000000	0.000000	
SPROHSA141854		0.000000	0.000000	0.000000	
SPROHSA142283		0.000000	0.000000	0.000000	
SPROHSA142482		0.000000	0.000000	0.000000	
SPROHSA142715		0.000000	0.000000	0.000000	
SPROHSA143072		0.000000	0.000000	0.000000	
SPROHSA143493		0.000000	0.000000	0.000000	
SPROHSA143724		0.000000	0.000000	0.000000	
SPROHSA143929		0.000000	0.000000	0.000000	
SPROHSA143990		0.000000	0.000000	0.000000	
SPROHSA144201		0.000000	0.000000	0.000000	
SPROHSA144297		0.000000	0.000000	0.000000	
SPROHSA144351		0.000000	0.000000	0.000000	
SPROHSA144664		0.000000	0.000000	0.000000	
SPROHSA144752		0.000000	0.000000	0.000000	
SPROHSA144821		0.000000	0.000000	0.000000	
SPROHSA144931		0.000000	0.000000	0.000000	
SPROHSA145041		0.000000	0.000000	0.000000	
SPROHSA145693		0.000000	0.000000	0.000000	
SPROHSA145870		0.000000	0.000000	0.000000	
SPROHSA14596		0.000000	0.000000	0.000000	
SPROHSA146		0.000000	0.000000	0.000000	
SPROHSA146003		0.000000	0.000000	0.000000	
SPROHSA146210		0.000000	0.000000	0.000000	
SPROHSA146269		0.000000	0.000000	0.000000	
SPROHSA146594		0.000000	0.000000	0.000000	
SPROHSA14668		0.000000	0.000000	0.000000	
SPROHSA146801		0.000000	0.000000	0.000000	
SPROHSA146943		0.000000	0.000000	0.000000	
SPROHSA14735		0.000000	0.000000	0.000000	
SPROHSA148310		0.000000	0.000000	0.000000	
SPROHSA14857		0.000000	0.000000	0.000000	
SPROHSA148601		0.000000	0.000000	0.000000	
SPROHSA148609		0.000000	0.000000	0.000000	
SPROHSA148724		0.000000	0.000000	0.000000	
SPROHSA148742		0.000000	0.000000	0.000000	
SPROHSA149048		0.000000	0.000000	0.000000	
SPROHSA149097		0.000000	0.000000	0.000000	
SPROHSA149285		0.000000	0.000000	0.000000	
SPROHSA149591		0.000000	0.000000	0.000000	
SPROHSA149791		0.000000	0.000000	0.000000	
SPROHSA150055		0.000000	0.000000	0.000000	
SPROHSA150119		0.000000	0.000000	0.000000	
SPROHSA150167		0.000000	0.000000	0.000000	
SPROHSA150235		0.000000	0.000000	0.000000	
SPROHSA150516		0.000000	0.000000	0.000000	
SPROHSA151143		0.000000	0.000000	0.000000	
SPROHSA15126		0.000000	0.000000	0.000000	
SPROHSA151288		0.000000	0.000000	0.000000	
SPROHSA151363		0.000000	0.000000	0.000000	
SPROHSA151364		0.000000	0.000000	0.000000	
SPROHSA151499		0.000000	0.000000	0.000000	
SPROHSA151722		0.000000	0.000000	0.000000	
SPROHSA151806		0.000000	0.000000	0.000000	
SPROHSA15210		0.000000	0.000000	0.000000	
SPROHSA152439		0.000000	0.000000	0.000000	
SPROHSA15263		0.000000	0.000000	0.000000	
SPROHSA152918		0.000000	0.000000	0.000000	
SPROHSA153299		0.000000	0.000000	0.000000	
SPROHSA153832		0.000000	0.000000	0.000000	
SPROHSA153844		0.000000	0.000000	0.000000	
SPROHSA153868		0.000000	0.000000	0.000000	
SPROHSA154419		0.000000	0.000000	0.000000	
SPROHSA154466		0.000000	0.000000	0.000000	
SPROHSA154784		0.000000	0.000000	0.000000	
SPROHSA154805		0.000000	0.000000	0.000000	
SPROHSA154901		0.000000	0.000000	0.000000	
SPROHSA155117		0.000000	0.000000	0.000000	
SPROHSA15539		0.000000	0.000000	0.000000	
SPROHSA155485		0.000000	0.000000	0.000000	
SPROHSA155709		0.000000	0.000000	0.000000	
SPROHSA155954		0.000000	0.000000	0.000000	
SPROHSA156080		0.000000	0.000000	0.000000	
SPROHSA15731		0.000000	0.000000	0.000000	
SPROHSA157560		0.000000	0.000000	0.000000	
SPROHSA157907		0.000000	0.000000	0.000000	
SPROHSA157987		0.000000	0.000000	0.000000	
SPROHSA158576		0.000000	0.000000	0.000000	
SPROHSA158577		0.000000	0.000000	0.000000	
SPROHSA158709		0.000000	0.000000	0.000000	
SPROHSA158860		0.000000	0.000000	0.000000	
SPROHSA158873		0.000000	0.000000	0.000000	
SPROHSA158925		0.000000	0.000000	0.000000	
SPROHSA159325		0.000000	0.000000	0.000000	
SPROHSA15945		0.000000	0.000000	0.000000	
SPROHSA159560		0.000000	0.000000	0.000000	
SPROHSA159661		0.000000	0.000000	0.000000	
SPROHSA160108		0.000000	0.000000	0.000000	
SPROHSA160169		0.000000	0.000000	0.000000	
SPROHSA160245		0.000000	0.000000	0.000000	
SPROHSA160560		0.000000	0.000000	0.000000	
SPROHSA161040		0.000000	0.000000	0.000000	
SPROHSA161261		0.000000	0.000000	0.000000	
SPROHSA161289		0.000000	0.000000	0.000000	
SPROHSA161335		0.000000	0.000000	0.000000	
SPROHSA162407		0.000000	0.000000	0.000000	
SPROHSA162665		0.000000	0.000000	0.000000	
SPROHSA162708		0.000000	0.000000	0.000000	
SPROHSA162855		0.000000	0.000000	0.000000	
SPROHSA162978		0.000000	0.000000	0.000000	
SPROHSA163032		0.000000	0.000000	0.000000	
SPROHSA163204		0.000000	0.000000	0.000000	
SPROHSA163431		0.000000	0.000000	0.000000	
SPROHSA163517		0.000000	0.000000	0.000000	
SPROHSA1637		0.000000	0.000000	0.000000	
SPROHSA163705		0.000000	0.000000	0.000000	
SPROHSA163915		0.000000	0.000000	0.000000	
SPROHSA164390		0.000000	0.000000	0.000000	
SPROHSA164713		0.000000	0.000000	0.000000	
SPROHSA164925		0.000000	0.000000	0.000000	
SPROHSA165128		0.000000	0.000000	0.000000	
SPROHSA165477		0.000000	0.000000	0.000000	
SPROHSA165895		0.000000	0.000000	0.000000	
SPROHSA165904		0.000000	0.000000	0.000000	
SPROHSA166149		0.000000	0.000000	0.000000	
SPROHSA166450		0.000000	0.000000	0.000000	
SPROHSA16648		0.000000	0.000000	0.000000	
SPROHSA166805		0.000000	0.000000	0.000000	
SPROHSA166821		0.000000	0.000000	0.000000	
SPROHSA167108		0.000000	0.000000	0.000000	
SPROHSA167138		0.000000	0.000000	0.000000	
SPROHSA167258		0.000000	0.000000	0.000000	
SPROHSA167272		0.000000	0.000000	0.000000	
SPROHSA167799		0.000000	0.000000	0.000000	
SPROHSA168288		0.000000	0.000000	0.000000	
SPROHSA168336		0.000000	0.000000	0.000000	
SPROHSA16847		0.000000	0.000000	0.000000	
SPROHSA168637		0.000000	0.000000	0.000000	
SPROHSA168865		0.000000	0.000000	0.000000	
SPROHSA168898		0.000000	0.000000	0.000000	
SPROHSA168923		0.000000	0.000000	0.000000	
SPROHSA169407		0.000000	0.000000	0.000000	
SPROHSA169711		0.000000	0.000000	0.000000	
SPROHSA169738		0.000000	0.000000	0.000000	
SPROHSA169864		0.000000	0.000000	0.000000	
SPROHSA169958		0.000000	0.000000	0.000000	
SPROHSA170205		0.000000	0.000000	0.000000	
SPROHSA170456		0.000000	0.000000	0.000000	
SPROHSA170462		0.000000	0.000000	0.000000	
SPROHSA171136		0.000000	0.000000	0.000000	
SPROHSA171456		0.000000	0.000000	0.000000	
SPROHSA171879		0.000000	0.000000	0.000000	
SPROHSA172912		0.000000	0.000000	0.000000	
SPROHSA173383		0.000000	0.000000	0.000000	
SPROHSA173467		0.000000	0.000000	0.000000	
SPROHSA173568		0.000000	0.000000	0.000000	
SPROHSA173872		0.000000	0.000000	0.000000	
SPROHSA174088		0.000000	0.000000	0.000000	
SPROHSA174296		0.000000	0.000000	0.000000	
SPROHSA17509		0.000000	0.000000	0.000000	
SPROHSA175188		0.000000	0.000000	0.000000	
SPROHSA175298		0.000000	0.000000	0.000000	
SPROHSA175457		0.000000	0.000000	0.000000	
SPROHSA175536		0.000000	0.000000	0.000000	
SPROHSA175551		0.000000	0.000000	0.000000	
SPROHSA175557		0.000000	0.000000	0.000000	
SPROHSA175970		0.000000	0.000000	0.000000	
SPROHSA176084		0.000000	0.000000	0.000000	
SPROHSA176107		0.000000	0.000000	0.000000	
SPROHSA1766		0.000000	0.000000	0.000000	
SPROHSA177		0.000000	0.000000	0.000000	
SPROHSA177146		0.000000	0.000000	0.000000	
SPROHSA177372		0.000000	0.000000	0.000000	
SPROHSA1774		0.000000	0.000000	0.000000	
SPROHSA17815		0.000000	0.000000	0.000000	
SPROHSA178440		0.000000	0.000000	0.000000	
SPROHSA178477		0.000000	0.000000	0.000000	
SPROHSA178491		0.000000	0.000000	0.000000	
SPROHSA179428		0.000000	0.000000	0.000000	
SPROHSA180805		0.000000	0.000000	0.000000	
SPROHSA180839		0.000000	0.000000	0.000000	
SPROHSA180925		0.000000	0.000000	0.000000	
SPROHSA181350		0.000000	0.000000	0.000000	
SPROHSA181389		0.000000	0.000000	0.000000	
SPROHSA182027		0.000000	0.000000	0.000000	
SPROHSA182231		0.000000	0.000000	0.000000	
SPROHSA182308		0.000000	0.000000	0.000000	
SPROHSA182309		0.000000	0.000000	0.000000	
SPROHSA182461		0.000000	0.000000	0.000000	
SPROHSA182708		0.000000	0.000000	0.000000	
SPROHSA182802		0.000000	0.000000	0.000000	
SPROHSA183118		0.000000	0.000000	0.000000	
SPROHSA183572		0.000000	0.000000	0.000000	
SPROHSA183888		0.000000	0.000000	0.000000	
SPROHSA18441		0.000000	0.000000	0.000000	
SPROHSA18513		0.000000	0.000000	0.000000	
SPROHSA185338		0.000000	0.000000	0.000000	
SPROHSA185544		0.000000	0.000000	0.000000	
SPROHSA186279		0.000000	0.000000	0.000000	
SPROHSA186582		0.000000	0.000000	0.000000	
SPROHSA186847		0.000000	0.000000	0.000000	
SPROHSA187050		0.000000	0.000000	0.000000	
SPROHSA187187		0.000000	0.000000	0.000000	
SPROHSA187546		0.000000	0.000000	0.000000	
SPROHSA187839		0.000000	0.000000	0.000000	
SPROHSA187847		0.000000	0.000000	0.000000	
SPROHSA188920		0.000000	0.000000	0.000000	
SPROHSA189060		0.000000	0.000000	0.000000	
SPROHSA189081		0.000000	0.000000	0.000000	
SPROHSA189162		0.000000	0.000000	0.000000	
SPROHSA189344		0.000000	0.000000	0.000000	
SPROHSA189401		0.000000	0.000000	0.000000	
SPROHSA189429		0.000000	0.000000	0.000000	
SPROHSA189612		0.000000	0.000000	0.000000	
SPROHSA189807		0.000000	0.000000	0.000000	
SPROHSA19016		0.000000	0.000000	0.000000	
SPROHSA190226		0.000000	0.000000	0.000000	
SPROHSA190434		0.000000	0.000000	0.000000	
SPROHSA190553		0.000000	0.000000	0.000000	
SPROHSA190573		0.000000	0.000000	0.000000	
SPROHSA190582		0.000000	0.000000	0.000000	
SPROHSA190745		0.000000	0.000000	0.000000	
SPROHSA190771		0.000000	0.000000	0.000000	
SPROHSA191408		0.000000	0.000000	0.000000	
SPROHSA19179		0.000000	0.000000	0.000000	
SPROHSA191991		0.000000	0.000000	0.000000	
SPROHSA191992		0.000000	0.000000	0.000000	
SPROHSA192286		0.000000	0.000000	0.000000	
SPROHSA192545		0.000000	0.000000	0.000000	
SPROHSA193058		0.000000	0.000000	0.000000	
SPROHSA193098		0.000000	0.000000	0.000000	
SPROHSA19333		0.000000	0.000000	0.000000	
SPROHSA193643		0.000000	0.000000	0.000000	
SPROHSA194360		0.000000	0.000000	0.000000	
SPROHSA194676		0.000000	0.000000	0.000000	
SPROHSA194761		0.000000	0.000000	0.000000	
SPROHSA19487		0.000000	0.000000	0.000000	
SPROHSA196036		0.000000	0.000000	0.000000	
SPROHSA196049		0.000000	0.000000	0.000000	
SPROHSA196107		0.000000	0.000000	0.000000	
SPROHSA19618		0.000000	0.000000	0.000000	
SPROHSA196304		0.000000	0.000000	0.000000	
SPROHSA196380		0.000000	0.000000	0.000000	
SPROHSA196477		0.000000	0.000000	0.000000	
SPROHSA196653		0.000000	0.000000	0.000000	
SPROHSA197148		0.000000	0.000000	0.000000	
SPROHSA197228		0.000000	0.000000	0.000000	
SPROHSA197262		0.000000	0.000000	0.000000	
SPROHSA197317		0.000000	0.000000	0.000000	
SPROHSA197444		0.000000	0.000000	0.000000	
SPROHSA198015		0.000000	0.000000	0.000000	
SPROHSA19876		0.000000	0.000000	0.000000	
SPROHSA199270		0.000000	0.000000	0.000000	
SPROHSA199403		0.000000	0.000000	0.000000	
SPROHSA199509		0.000000	0.000000	0.000000	
SPROHSA199734		0.000000	0.000000	0.000000	
SPROHSA200144		0.000000	0.000000	0.000000	
SPROHSA201447		0.000000	0.000000	0.000000	
SPROHSA201800		0.000000	0.000000	0.000000	
SPROHSA202006		0.000000	0.000000	0.000000	
SPROHSA202825		0.000000	0.000000	0.000000	
SPROHSA20298		0.000000	0.000000	0.000000	
SPROHSA20318		0.000000	0.000000	0.000000	
SPROHSA203354		0.000000	0.000000	0.000000	
SPROHSA203488		0.000000	0.000000	0.000000	
SPROHSA203808		0.000000	0.000000	0.000000	
SPROHSA20476		0.000000	0.000000	0.000000	
SPROHSA20495		0.000000	0.000000	0.000000	
SPROHSA20517		0.000000	0.000000	0.000000	
SPROHSA20536		0.000000	0.000000	0.000000	
SPROHSA20545		0.000000	0.000000	0.000000	
SPROHSA20570		0.000000	0.000000	0.000000	
SPROHSA20603		0.000000	0.000000	0.000000	
SPROHSA206776		0.000000	0.000000	0.000000	
SPROHSA206961		0.000000	0.000000	0.000000	
SPROHSA207525		0.000000	0.000000	0.000000	
SPROHSA207947		0.000000	0.000000	0.000000	
SPROHSA208062		0.000000	0.000000	0.000000	
SPROHSA208382		0.000000	0.000000	0.000000	
SPROHSA208662		0.000000	0.000000	0.000000	
SPROHSA208697		0.000000	0.000000	0.000000	
SPROHSA209413		0.000000	0.000000	0.000000	
SPROHSA209463		0.000000	0.000000	0.000000	
SPROHSA209808		0.000000	0.000000	0.000000	
SPROHSA210042		0.000000	0.000000	0.000000	
SPROHSA210776		0.000000	0.000000	0.000000	
SPROHSA21101		0.000000	0.000000	0.000000	
SPROHSA211075		0.000000	0.000000	0.000000	
SPROHSA211202		0.000000	0.000000	0.000000	
SPROHSA213508		0.000000	0.000000	0.000000	
SPROHSA213826		0.000000	0.000000	0.000000	
SPROHSA214020		0.000000	0.000000	0.000000	
SPROHSA21469		0.000000	0.000000	0.000000	
SPROHSA214902		0.000000	0.000000	0.000000	
SPROHSA215385		0.000000	0.000000	0.000000	
SPROHSA215626		0.000000	0.000000	0.000000	
SPROHSA2159		0.000000	0.000000	0.000000	
SPROHSA215983		0.000000	0.000000	0.000000	
SPROHSA216062		0.000000	0.000000	0.000000	
SPROHSA216275		0.000000	0.000000	0.000000	
SPROHSA216421		0.000000	0.000000	0.000000	
SPROHSA216717		0.000000	0.000000	0.000000	
SPROHSA216767		0.000000	0.000000	0.000000	
SPROHSA217293		0.000000	0.000000	0.000000	
SPROHSA217339		0.000000	0.000000	0.000000	
SPROHSA217563		0.000000	0.000000	0.000000	
SPROHSA217583		0.000000	0.000000	0.000000	
SPROHSA217748		0.000000	0.000000	0.000000	
SPROHSA218003		0.000000	0.000000	0.000000	
SPROHSA219156		0.000000	0.000000	0.000000	
SPROHSA219891		0.000000	0.000000	0.000000	
SPROHSA22001		0.000000	0.000000	0.000000	
SPROHSA22007		0.000000	0.000000	0.000000	
SPROHSA220315		0.000000	0.000000	0.000000	
SPROHSA221043		0.000000	0.000000	0.000000	
SPROHSA221274		0.000000	0.000000	0.000000	
SPROHSA221373		0.000000	0.000000	0.000000	
SPROHSA22228		0.000000	0.000000	0.000000	
SPROHSA223190		0.000000	0.000000	0.000000	
SPROHSA223241		0.000000	0.000000	0.000000	
SPROHSA223874		0.000000	0.000000	0.000000	
SPROHSA224115		0.000000	0.000000	0.000000	
SPROHSA224696		0.000000	0.000000	0.000000	
SPROHSA224758		0.000000	0.000000	0.000000	
SPROHSA224769		0.000000	0.000000	0.000000	
SPROHSA225674		0.000000	0.000000	0.000000	
SPROHSA227236		0.000000	0.000000	0.000000	
SPROHSA227331		0.000000	0.000000	0.000000	
SPROHSA227472		0.000000	0.000000	0.000000	
SPROHSA227530		0.000000	0.000000	0.000000	
SPROHSA227558		0.000000	0.000000	0.000000	
SPROHSA22830		0.000000	0.000000	0.000000	
SPROHSA228830		0.000000	0.000000	0.000000	
SPROHSA228933		0.000000	0.000000	0.000000	
SPROHSA228991		0.000000	0.000000	0.000000	
SPROHSA229177		0.000000	0.000000	0.000000	
SPROHSA229934		0.000000	0.000000	0.000000	
SPROHSA230413		0.000000	0.000000	0.000000	
SPROHSA231212		0.000000	0.000000	0.000000	
SPROHSA231788		0.000000	0.000000	0.000000	
SPROHSA232265		0.000000	0.000000	0.000000	
SPROHSA23424		0.000000	0.000000	0.000000	
SPROHSA234886		0.000000	0.000000	0.000000	
SPROHSA235287		0.000000	0.000000	0.000000	
SPROHSA235430		0.000000	0.000000	0.000000	
SPROHSA235496		0.000000	0.000000	0.000000	
SPROHSA236055		0.000000	0.000000	0.000000	
SPROHSA236253		0.000000	0.000000	0.000000	
SPROHSA236429		0.000000	0.000000	0.000000	
SPROHSA237097		0.000000	0.000000	0.000000	
SPROHSA237277		0.000000	0.000000	0.000000	
SPROHSA23743		0.000000	0.000000	0.000000	
SPROHSA237800		0.000000	0.000000	0.000000	
SPROHSA237837		0.000000	0.000000	0.000000	
SPROHSA237945		0.000000	0.000000	0.000000	
SPROHSA23811		0.000000	0.000000	0.000000	
SPROHSA238530		0.000000	0.000000	0.000000	
SPROHSA239116		0.000000	0.000000	0.000000	
SPROHSA239583		0.000000	0.000000	0.000000	
SPROHSA239623		0.000000	0.000000	0.000000	
SPROHSA239867		0.000000	0.000000	0.000000	
SPROHSA240001		0.000000	0.000000	0.000000	
SPROHSA240771		0.000000	0.000000	0.000000	
SPROHSA240975		0.000000	0.000000	0.000000	
SPROHSA241002		0.000000	0.000000	0.000000	
SPROHSA241006		0.000000	0.000000	0.000000	
SPROHSA241170		0.000000	0.000000	0.000000	
SPROHSA241437		0.000000	0.000000	0.000000	
SPROHSA242060		0.000000	0.000000	0.000000	
SPROHSA24306		0.000000	0.000000	0.000000	
SPROHSA243130		0.000000	0.000000	0.000000	
SPROHSA248465		0.000000	0.000000	0.000000	
SPROHSA249627		0.000000	0.000000	0.000000	
SPROHSA250266		0.000000	0.000000	0.000000	
SPROHSA250634		0.000000	0.000000	0.000000	
SPROHSA251433		0.000000	0.000000	0.000000	
SPROHSA25257		0.000000	0.000000	0.000000	
SPROHSA252605		0.000000	0.000000	0.000000	
SPROHSA252685		0.000000	0.000000	0.000000	
SPROHSA253226		0.000000	0.000000	0.000000	
SPROHSA253544		0.000000	0.000000	0.000000	
SPROHSA253704		0.000000	0.000000	0.000000	
SPROHSA25564		0.000000	0.000000	0.000000	
SPROHSA256161		0.000000	0.000000	0.000000	
SPROHSA257437		0.000000	0.000000	0.000000	
SPROHSA257473		0.000000	0.000000	0.000000	
SPROHSA258100		0.000000	0.000000	0.000000	
SPROHSA258207		0.000000	0.000000	0.000000	
SPROHSA258405		0.000000	0.000000	0.000000	
SPROHSA25913		0.000000	0.000000	0.000000	
SPROHSA260610		0.000000	0.000000	0.000000	
SPROHSA261523		0.000000	0.000000	0.000000	
SPROHSA261748		0.000000	0.000000	0.000000	
SPROHSA261926		0.000000	0.000000	0.000000	
SPROHSA263370		0.000000	0.000000	0.000000	
SPROHSA264549		0.000000	0.000000	0.000000	
SPROHSA264778		0.000000	0.000000	0.000000	
SPROHSA264847		0.000000	0.000000	0.000000	
SPROHSA265770		0.000000	0.000000	0.000000	
SPROHSA266554		0.000000	0.000000	0.000000	
SPROHSA267856		0.000000	0.000000	0.000000	
SPROHSA269059		0.000000	0.000000	0.000000	
SPROHSA269813		0.000000	0.000000	0.000000	
SPROHSA270076		0.000000	0.000000	0.000000	
SPROHSA272364		0.000000	0.000000	0.000000	
SPROHSA273394		0.000000	0.000000	0.000000	
SPROHSA274454		0.000000	0.000000	0.000000	
SPROHSA27480		0.000000	0.000000	0.000000	
SPROHSA275374		0.000000	0.000000	0.000000	
SPROHSA275944		0.000000	0.000000	0.000000	
SPROHSA277706		0.000000	0.000000	0.000000	
SPROHSA279778		0.000000	0.000000	0.000000	
SPROHSA283014		0.000000	0.000000	0.000000	
SPROHSA283915		0.000000	0.000000	0.000000	
SPROHSA284201		0.000000	0.000000	0.000000	
SPROHSA284743		0.000000	0.000000	0.000000	
SPROHSA285102		0.000000	0.000000	0.000000	
SPROHSA285647		0.000000	0.000000	0.000000	
SPROHSA286833		0.000000	0.000000	0.000000	
SPROHSA288575		0.000000	0.000000	0.000000	
SPROHSA289004		0.000000	0.000000	0.000000	
SPROHSA289293		0.000000	0.000000	0.000000	
SPROHSA28967		0.000000	0.000000	0.000000	
SPROHSA290078		0.000000	0.000000	0.000000	
SPROHSA290101		0.000000	0.000000	0.000000	
SPROHSA290565		0.000000	0.000000	0.000000	
SPROHSA290754		0.000000	0.000000	0.000000	
SPROHSA292239		0.000000	0.000000	0.000000	
SPROHSA292643		0.000000	0.000000	0.000000	
SPROHSA293221		0.000000	0.000000	0.000000	
SPROHSA293425		0.000000	0.000000	0.000000	
SPROHSA293475		0.000000	0.000000	0.000000	
SPROHSA296261		0.000000	0.000000	0.000000	
SPROHSA297503		0.000000	0.000000	0.000000	
SPROHSA297786		0.000000	0.000000	0.000000	
SPROHSA300084		0.000000	0.000000	0.000000	
SPROHSA303416		0.000000	0.000000	0.000000	
SPROHSA304545		0.000000	0.000000	0.000000	
SPROHSA306098		0.000000	0.000000	0.000000	
SPROHSA306150		0.000000	0.000000	0.000000	
SPROHSA307809		0.000000	0.000000	0.000000	
SPROHSA309651		0.000000	0.000000	0.000000	
SPROHSA311451		0.000000	0.000000	0.000000	
SPROHSA311879		0.000000	0.000000	0.000000	
SPROHSA312257		0.000000	0.000000	0.000000	
SPROHSA312803		0.000000	0.000000	0.000000	
SPROHSA31390		0.000000	0.000000	0.000000	
SPROHSA317085		0.000000	0.000000	0.000000	
SPROHSA317145		0.000000	0.000000	0.000000	
SPROHSA317885		0.000000	0.000000	0.000000	
SPROHSA319968		0.000000	0.000000	0.000000	
SPROHSA320627		0.000000	0.000000	0.000000	
SPROHSA32077		0.000000	0.000000	0.000000	
SPROHSA322367		0.000000	0.000000	0.000000	
SPROHSA322669		0.000000	0.000000	0.000000	
SPROHSA322865		0.000000	0.000000	0.000000	
SPROHSA324125		0.000000	0.000000	0.000000	
SPROHSA32477		0.000000	0.000000	0.000000	
SPROHSA325211		0.000000	0.000000	0.000000	
SPROHSA325790		0.000000	0.000000	0.000000	
SPROHSA326075		0.000000	0.000000	0.000000	
SPROHSA330245		0.000000	0.000000	0.000000	
SPROHSA331089		0.000000	0.000000	0.000000	
SPROHSA333691		0.000000	0.000000	0.000000	
SPROHSA334271		0.000000	0.000000	0.000000	
SPROHSA334832		0.000000	0.000000	0.000000	
SPROHSA336319		0.000000	0.000000	0.000000	
SPROHSA33718		0.000000	0.000000	0.000000	
SPROHSA337197		0.000000	0.000000	0.000000	
SPROHSA337655		0.000000	0.000000	0.000000	
SPROHSA337823		0.000000	0.000000	0.000000	
SPROHSA337947		0.000000	0.000000	0.000000	
SPROHSA338471		0.000000	0.000000	0.000000	
SPROHSA34033		0.000000	0.000000	0.000000	
SPROHSA341984		0.000000	0.000000	0.000000	
SPROHSA342784		0.000000	0.000000	0.000000	
SPROHSA343888		0.000000	0.000000	0.000000	
SPROHSA345134		0.000000	0.000000	0.000000	
SPROHSA345511		0.000000	0.000000	0.000000	
SPROHSA345619		0.000000	0.000000	0.000000	
SPROHSA346140		0.000000	0.000000	0.000000	
SPROHSA346881		0.000000	0.000000	0.000000	
SPROHSA347224		0.000000	0.000000	0.000000	
SPROHSA348075		0.000000	0.000000	0.000000	
SPROHSA349154		0.000000	0.000000	0.000000	
SPROHSA351562		0.000000	0.000000	0.000000	
SPROHSA355203		0.000000	0.000000	0.000000	
SPROHSA355986		0.000000	0.000000	0.000000	
SPROHSA357282		0.000000	0.000000	0.000000	
SPROHSA357607		0.000000	0.000000	0.000000	
SPROHSA359266		0.000000	0.000000	0.000000	
SPROHSA359490		0.000000	0.000000	0.000000	
SPROHSA359585		0.000000	0.000000	0.000000	
SPROHSA361470		0.000000	0.000000	0.000000	
SPROHSA361638		0.000000	0.000000	0.000000	
SPROHSA36349		0.000000	0.000000	0.000000	
SPROHSA366230		0.000000	0.000000	0.000000	
SPROHSA367345		0.000000	0.000000	0.000000	
SPROHSA367806		0.000000	0.000000	0.000000	
SPROHSA368856		0.000000	0.000000	0.000000	
SPROHSA376286		0.000000	0.000000	0.000000	
SPROHSA379610		0.000000	0.000000	0.000000	
SPROHSA380082		0.000000	0.000000	0.000000	
SPROHSA381483		0.000000	0.000000	0.000000	
SPROHSA383066		0.000000	0.000000	0.000000	
SPROHSA383608		0.000000	0.000000	0.000000	
SPROHSA385261		0.000000	0.000000	0.000000	
SPROHSA38636		0.000000	0.000000	0.000000	
SPROHSA388214		0.000000	0.000000	0.000000	
SPROHSA3893		0.000000	0.000000	0.000000	
SPROHSA389375		0.000000	0.000000	0.000000	
SPROHSA4270		0.000000	0.000000	0.000000	
SPROHSA42852		0.000000	0.000000	0.000000	
SPROHSA47501		0.000000	0.000000	0.000000	
SPROHSA47530		0.000000	0.000000	0.000000	
SPROHSA56798		0.000000	0.000000	0.000000	
SPROHSA57214		0.000000	0.000000	0.000000	
SPROHSA57910		0.000000	0.000000	0.000000	
SPROHSA59163		0.000000	0.000000	0.000000	
SPROHSA60618		0.000000	0.000000	0.000000	
SPROHSA63585		0.000000	0.000000	0.000000	
SPROHSA65298		0.000000	0.000000	0.000000	
SPROHSA65545		0.000000	0.000000	0.000000	
SPROHSA68796		0.000000	0.000000	0.000000	
SPROHSA7110		0.000000	0.000000	0.000000	
SPROHSA73392		0.000000	0.000000	0.000000	
SPROHSA73636		0.000000	0.000000	0.000000	
SPROHSA74913		0.000000	0.000000	0.000000	
SPROHSA75745		0.000000	0.000000	0.000000	
SPROHSA77199		0.000000	0.000000	0.000000	
SPROHSA78532		0.000000	0.000000	0.000000	
SPROHSA80230		0.000000	0.000000	0.000000	
SPROHSA83746		0.000000	0.000000	0.000000	
SPROHSA84856		0.000000	0.000000	0.000000	
SPROHSA88678		0.000000	0.000000	0.000000	
SPROHSA89184		0.000000	0.000000	0.000000	
SPROHSA96555		0.000000	0.000000	0.000000	
SPROHSA98929		0.000000	0.000000	0.000000	
P02666	CSN2	0.000000	0.000000	0.000000	
P02768	ALB	0.000000	0.000000	0.000000	
P02769	ALB	0.000000	0.000000	0.000000	
P04264	KRT1	0.000000	0.000000	0.000000	
P09211	GSTP1	0.000000	0.000000	0.000000	
P15559	NQO1	0.000000	0.000000	0.000000	
P35527	KRT9	0.000000	0.000000	0.000000	
P61769	B2M	0.000000	0.000000	0.000000	
P62979	RPS27A	0.000000	0.000000	0.000000	
P68871	HBB	0.000000	0.000000	0.000000	
P69905	HBA2	0.000000	0.000000	0.000000	
SPROHSA102475		0.000000	0.000000	0.000000	
SPROHSA10312		0.000000	0.000000	0.000000	
SPROHSA10503		0.000000	0.000000	0.000000	
SPROHSA106039		0.000000	0.000000	0.000000	
SPROHSA106580		0.000000	0.000000	0.000000	
SPROHSA106749		0.000000	0.000000	0.000000	
SPROHSA109636		0.000000	0.000000	0.000000	
SPROHSA111404		0.000000	0.000000	0.000000	
SPROHSA111640		0.000000	0.000000	0.000000	
SPROHSA112071		0.000000	0.000000	0.000000	
SPROHSA113417		0.000000	0.000000	0.000000	
SPROHSA11402		0.000000	0.000000	0.000000	
SPROHSA119041		0.000000	0.000000	0.000000	
SPROHSA119424		0.000000	0.000000	0.000000	
SPROHSA124705		0.000000	0.000000	0.000000	
SPROHSA12593		0.000000	0.000000	0.000000	
SPROHSA127156		0.000000	0.000000	0.000000	
SPROHSA128674		0.000000	0.000000	0.000000	
SPROHSA128753		0.000000	0.000000	0.000000	
SPROHSA129192		0.000000	0.000000	0.000000	
SPROHSA130249		0.000000	0.000000	0.000000	
SPROHSA13112		0.000000	0.000000	0.000000	
SPROHSA1336		0.000000	0.000000	0.000000	
SPROHSA135126		0.000000	0.000000	0.000000	
SPROHSA136629		0.000000	0.000000	0.000000	
SPROHSA13665		0.000000	0.000000	0.000000	
SPROHSA138661		0.000000	0.000000	0.000000	
SPROHSA139039		0.000000	0.000000	0.000000	
SPROHSA140159		0.000000	0.000000	0.000000	
SPROHSA142214		0.000000	0.000000	0.000000	
SPROHSA144070		0.000000	0.000000	0.000000	
SPROHSA144105		0.000000	0.000000	0.000000	
SPROHSA147469		0.000000	0.000000	0.000000	
SPROHSA148673		0.000000	0.000000	0.000000	
SPROHSA150978		0.000000	0.000000	0.000000	
SPROHSA152577		0.000000	0.000000	0.000000	
SPROHSA152620		0.000000	0.000000	0.000000	
SPROHSA156576		0.000000	0.000000	0.000000	
SPROHSA163560		0.000000	0.000000	0.000000	
SPROHSA172758		0.000000	0.000000	0.000000	
SPROHSA172893		0.000000	0.000000	0.000000	
SPROHSA175929		0.000000	0.000000	0.000000	
SPROHSA175976		0.000000	0.000000	0.000000	
SPROHSA182913		0.000000	0.000000	0.000000	
SPROHSA185607		0.000000	0.000000	0.000000	
SPROHSA186063		0.000000	0.000000	0.000000	
SPROHSA188008		0.000000	0.000000	0.000000	
SPROHSA191246		0.000000	0.000000	0.000000	
SPROHSA196019		0.000000	0.000000	0.000000	
SPROHSA196639		0.000000	0.000000	0.000000	
SPROHSA198712		0.000000	0.000000	0.000000	
SPROHSA212029		0.000000	0.000000	0.000000	
SPROHSA214277		0.000000	0.000000	0.000000	
SPROHSA214826		0.000000	0.000000	0.000000	
SPROHSA215576		0.000000	0.000000	0.000000	
SPROHSA217862		0.000000	0.000000	0.000000	
SPROHSA222157		0.000000	0.000000	0.000000	
SPROHSA239137		0.000000	0.000000	0.000000	
SPROHSA24151		0.000000	0.000000	0.000000	
SPROHSA241666		0.000000	0.000000	0.000000	
SPROHSA242311		0.000000	0.000000	0.000000	
SPROHSA24448		0.000000	0.000000	0.000000	
SPROHSA248934		0.000000	0.000000	0.000000	
SPROHSA252761		0.000000	0.000000	0.000000	
SPROHSA25706		0.000000	0.000000	0.000000	
SPROHSA262384		0.000000	0.000000	0.000000	
SPROHSA265865		0.000000	0.000000	0.000000	
SPROHSA275152		0.000000	0.000000	0.000000	
SPROHSA282712		0.000000	0.000000	0.000000	
SPROHSA292651		0.000000	0.000000	0.000000	
SPROHSA307064		0.000000	0.000000	0.000000	
SPROHSA316063		0.000000	0.000000	0.000000	
SPROHSA32210		0.000000	0.000000	0.000000	
SPROHSA322340		0.000000	0.000000	0.000000	
SPROHSA324804		0.000000	0.000000	0.000000	
SPROHSA328082		0.000000	0.000000	0.000000	
SPROHSA339629		0.000000	0.000000	0.000000	
SPROHSA344206		0.000000	0.000000	0.000000	
SPROHSA347195		0.000000	0.000000	0.000000	
SPROHSA35348		0.000000	0.000000	0.000000	
SPROHSA361304		0.000000	0.000000	0.000000	
SPROHSA36283		0.000000	0.000000	0.000000	
SPROHSA367545		0.000000	0.000000	0.000000	
SPROHSA368850		0.000000	0.000000	0.000000	
SPROHSA38061		0.000000	0.000000	0.000000	
SPROHSA383921		0.000000	0.000000	0.000000	
SPROHSA84030		0.000000	0.000000	0.000000	
P12081	HARS1	0.000000	0.000000	0.000000	
SPROHSA102149		0.000000	0.000000	0.000000	
SPROHSA103548		0.000000	0.000000	0.000000	
SPROHSA1100		0.000000	0.000000	0.000000	
SPROHSA114344		0.000000	0.000000	0.000000	
SPROHSA122842		0.000000	0.000000	0.000000	
SPROHSA124458		0.000000	0.000000	0.000000	
SPROHSA128077		0.000000	0.000000	0.000000	
SPROHSA129297		0.000000	0.000000	0.000000	
SPROHSA134655		0.000000	0.000000	0.000000	
SPROHSA137686		0.000000	0.000000	0.000000	
SPROHSA143944		0.000000	0.000000	0.000000	
SPROHSA153552		0.000000	0.000000	0.000000	
SPROHSA172740		0.000000	0.000000	0.000000	
SPROHSA17642		0.000000	0.000000	0.000000	
SPROHSA177431		0.000000	0.000000	0.000000	
SPROHSA183473		0.000000	0.000000	0.000000	
SPROHSA184306		0.000000	0.000000	0.000000	
SPROHSA196248		0.000000	0.000000	0.000000	
SPROHSA209188		0.000000	0.000000	0.000000	
SPROHSA223237		0.000000	0.000000	0.000000	
SPROHSA227841		0.000000	0.000000	0.000000	
SPROHSA230515		0.000000	0.000000	0.000000	
SPROHSA271824		0.000000	0.000000	0.000000	
SPROHSA284183		0.000000	0.000000	0.000000	
SPROHSA286698		0.000000	0.000000	0.000000	
SPROHSA306126		0.000000	0.000000	0.000000	
SPROHSA330618		0.000000	0.000000	0.000000	
SPROHSA65924		0.000000	0.000000	0.000000	
SPROHSA103905		0.000000	0.000000	0.000000	
SPROHSA106668		0.000000	0.000000	0.000000	
SPROHSA115466		0.000000	0.000000	0.000000	
SPROHSA125018		0.000000	0.000000	0.000000	
SPROHSA127725		0.000000	0.000000	0.000000	
SPROHSA1404		0.000000	0.000000	0.000000	
SPROHSA15541		0.000000	0.000000	0.000000	
SPROHSA165097		0.000000	0.000000	0.000000	
SPROHSA168892		0.000000	0.000000	0.000000	
SPROHSA171185		0.000000	0.000000	0.000000	
SPROHSA17856		0.000000	0.000000	0.000000	
SPROHSA188689		0.000000	0.000000	0.000000	
SPROHSA198042		0.000000	0.000000	0.000000	
SPROHSA262363		0.000000	0.000000	0.000000	
SPROHSA119544		0.000000	0.000000	0.000000	
SPROHSA127199		0.000000	0.000000	0.000000	
SPROHSA13294		0.000000	0.000000	0.000000	
SPROHSA193964		0.000000	0.000000	0.000000	
SPROHSA204489		0.000000	0.000000	0.000000	
SPROHSA20578		0.000000	0.000000	0.000000	
SPROHSA241444		0.000000	0.000000	0.000000	
SPROHSA264393		0.000000	0.000000	0.000000	
SPROHSA289841		0.000000	0.000000	0.000000	
SPROHSA1022		0.000000	0.000000	0.000000	
SPROHSA104937		0.000000	0.000000	0.000000	
SPROHSA117609		0.000000	0.000000	0.000000	
SPROHSA123367		0.000000	0.000000	0.000000	
SPROHSA155825		0.000000	0.000000	0.000000	
SPROHSA172992		0.000000	0.000000	0.000000	
SPROHSA177144		0.000000	0.000000	0.000000	
SPROHSA293685		0.000000	0.000000	0.000000	
SPROHSA75303		0.000000	0.000000	0.000000	
SPROHSA167240		0.000000	0.000000	0.000000	
SPROHSA19857		0.000000	0.000000	0.000000	
SPROHSA200548		0.000000	0.000000	0.000000	
SPROHSA112179		0.000000	0.000000	0.000000	
SPROHSA212065		0.000000	0.000000	0.000000	
SPROHSA378986		0.000000	0.000000	0.000000	
SPROHSA115329		0.000000	0.000000	0.000000	
SPROHSA121001		0.000000	0.000000	0.000000	
SPROHSA122027		0.000000	0.000000	0.000000	
SPROHSA316171		0.000000	0.000000	0.000000	
SPROHSA18550		0.000000	0.000000	0.000000	
SPROHSA77128		0.000000	0.000000	0.000000	
SPROHSA122563		0.000000	0.000000	0.000000	
SPROHSA162011		0.000000	0.000000	0.000000	
SPROHSA237119		0.000000	0.000000	0.000000	
SPROHSA173037		0.000000	0.000000	0.000000	
SPROHSA382459		0.000000	0.000000	0.000000	
SPROHSA239344		0.000000	0.000000	0.000000	
SPROHSA233669		0.000000	0.000000	0.000000	
SPROHSA129911		0.000000	0.000000	0.000000	
SPROHSA15690		0.000000	0.000000	0.000000	
SPROHSA127137		0.000000	0.000000	0.000000	
SPROHSA61127		0.000000	0.000000	0.000000	
SPROHSA121449		0.000000	0.000000	0.000000	
SPROHSA13784		0.000000	0.000000	0.000000	
SPROHSA120687		0.000000	0.000000	0.000000	
SPROHSA12555		0.000000	0.000000	0.000000	
SPROHSA154284		0.000000	0.000000	0.000000	
SPROHSA169142		0.000000	0.000000	0.000000	
SPROHSA244613		0.000000	0.000000	0.000000	
SPROHSA34672		0.000000	0.000000	0.000000	
SPROHSA10968		0.000000	0.000000	0.000000	
SPROHSA151655		0.000000	0.000000	0.000000	
SPROHSA164396		0.000000	0.000000	0.000000	
SPROHSA183455		0.000000	0.000000	0.000000	
SPROHSA318268		0.000000	0.000000	0.000000	
SPROHSA277826		0.000000	0.000000	0.000000	
SPROHSA107342		0.000000	0.000000	0.000000	
SPROHSA119261		0.000000	0.000000	0.000000	
SPROHSA13008		0.000000	0.000000	0.000000	
SPROHSA137946		0.000000	0.000000	0.000000	
SPROHSA152115		0.000000	0.000000	0.000000	
SPROHSA15638		0.000000	0.000000	0.000000	
SPROHSA156680		0.000000	0.000000	0.000000	
SPROHSA146968		0.000000	0.000000	0.000000	
SPROHSA169902		0.000000	0.000000	0.000000	
SPROHSA200379		0.000000	0.000000	0.000000	
SPROHSA130091		0.000000	0.000000	0.000000	
SPROHSA135674		0.000000	0.000000	0.000000	
SPROHSA139190		0.000000	0.000000	0.000000	
SPROHSA104015		0.000000	0.000000	0.000000	
SPROHSA12089		0.000000	0.000000	0.000000	
SPROHSA194119		0.000000	0.000000	0.000000	
SPROHSA201014		0.000000	0.000000	0.000000	
SPROHSA124194		0.000000	0.000000	0.000000	
SPROHSA127425		0.000000	0.000000	0.000000	
SPROHSA102051		0.000000	0.000000	0.000000	
SPROHSA3920		0.000000	0.000000	0.000000	
SPROHSA136894		0.000000	0.000000	0.000000	
SPROHSA215114		0.000000	0.000000	0.000000	
SPROHSA2468		0.000000	0.000000	0.000000	
SPROHSA71242		0.000000	0.000000	0.000000	
SPROHSA10897		0.000000	0.000000	0.000000	
SPROHSA15961		0.000000	0.000000	0.000000	
SPROHSA166373		0.000000	0.000000	0.000000	
SPROHSA100035		0.000000	0.000000	0.000000	
SPROHSA104367		0.000000	0.000000	0.000000	
SPROHSA156559		0.000000	0.000000	0.000000	
SPROHSA157060		0.000000	0.000000	0.000000	
SPROHSA214820		0.000000	0.000000	0.000000	
SPROHSA32072		0.000000	0.000000	0.000000	
SPROHSA38938		0.000000	0.000000	0.000000	
SPROHSA384626		0.000000	0.000000	0.000000	
SPROHSA100116		0.000000	0.000000	0.000000	
SPROHSA27844		0.000000	0.000000	0.000000	
SPROHSA16053		0.000000	0.000000	0.000000	
SPROHSA221893		0.000000	0.000000	0.000000	
SPROHSA72541		0.000000	0.000000	0.000000	
SPROHSA102877		0.000000	0.000000	0.000000	
SPROHSA1177		0.000000	0.000000	0.000000	
SPROHSA109188		0.000000	0.000000	0.000000	
SPROHSA122853		0.000000	0.000000	0.000000	
SPROHSA123026		0.000000	0.000000	0.000000	
SPROHSA199782		0.000000	0.000000	0.000000	
SPROHSA145732		0.000000	0.000000	0.000000	
SPROHSA216908		0.000000	0.000000	0.000000	
SPROHSA257719		0.000000	0.000000	0.000000	
SPROHSA169996		0.000000	0.000000	0.000000	
SPROHSA107022		0.000000	0.000000	0.000000	
SPROHSA137522		0.000000	0.000000	0.000000	
SPROHSA104569		0.000000	0.000000	0.000000	
SPROHSA138593		0.000000	0.000000	0.000000	
SPROHSA144378		0.000000	0.000000	0.000000	
SPROHSA153057		0.000000	0.000000	0.000000	
SPROHSA267519		0.000000	0.000000	0.000000	
SPROHSA284420		0.000000	0.000000	0.000000	
SPROHSA223670		0.000000	0.000000	0.000000	
SPROHSA11626		0.000000	0.000000	0.000000	
SPROHSA368385		0.000000	0.000000	0.000000	
SPROHSA104295		0.000000	0.000000	0.000000	
SPROHSA211630		0.000000	0.000000	0.000000	
SPROHSA126116		0.000000	0.000000	0.000000	
SPROHSA160226		0.000000	0.000000	0.000000	
SPROHSA171960		0.000000	0.000000	0.000000	
SPROHSA194972		0.000000	0.000000	0.000000	
SPROHSA114313		0.000000	0.000000	0.000000	
SPROHSA261177		0.000000	0.000000	0.000000	
SPROHSA176574		0.000000	0.000000	0.000000	
SPROHSA182333		0.000000	0.000000	0.000000	
SPROHSA142678		0.000000	0.000000	0.000000	
SPROHSA10560		0.000000	0.000000	0.000000	
SPROHSA180861		0.000000	0.000000	0.000000	
SPROHSA192079		0.000000	0.000000	0.000000	
SPROHSA194075		0.000000	0.000000	0.000000	
SPROHSA171863		0.000000	0.000000	0.000000	
SPROHSA381385		0.000000	0.000000	0.000000	
SPROHSA61541		0.000000	0.000000	0.000000	
SPROHSA170801		0.000000	0.000000	0.000000	
SPROHSA242530		0.000000	0.000000	0.000000	
SPROHSA110390		0.000000	0.000000	0.000000	
SPROHSA116384		0.000000	0.000000	0.000000	
SPROHSA175084		0.000000	0.000000	0.000000	
SPROHSA192537		0.000000	0.000000	0.000000	
SPROHSA269970		0.000000	0.000000	0.000000	
SPROHSA47192		0.000000	0.000000	0.000000	
SPROHSA10855		0.000000	0.000000	0.000000	
SPROHSA169161		0.000000	0.000000	0.000000	
SPROHSA149609		0.000000	0.000000	0.000000	
SPROHSA177427		0.000000	0.000000	0.000000	
SPROHSA392233		0.000000	0.000000	0.000000	
SPROHSA131424		0.000000	0.000000	0.000000	
SPROHSA167746		0.000000	0.000000	0.000000	
SPROHSA192689		0.000000	0.000000	0.000000	
SPROHSA31932		0.000000	0.000000	0.000000	
SPROHSA139691		0.000000	0.000000	0.000000	
SPROHSA115104		0.000000	0.000000	0.000000	
SPROHSA273588		0.000000	0.000000	0.000000	
SPROHSA124883		0.000000	0.000000	0.000000	
SPROHSA171967		0.000000	0.000000	0.000000	
SPROHSA17427		0.000000	0.000000	0.000000	
SPROHSA202314		0.000000	0.000000	0.000000	
SPROHSA113366		0.000000	0.000000	0.000000	
SPROHSA119671		0.000000	0.000000	0.000000	
SPROHSA138138		0.000000	0.000000	0.000000	
SPROHSA123457		0.000000	0.000000	0.000000	
SPROHSA374474		0.000000	0.000000	0.000000	
SPROHSA126070		0.000000	0.000000	0.000000	
SPROHSA141370		0.000000	0.000000	0.000000	
SPROHSA215805		0.000000	0.000000	0.000000	
SPROHSA111521		0.000000	0.000000	0.000000	
SPROHSA124984		0.000000	0.000000	0.000000	
SPROHSA150966		0.000000	0.000000	0.000000	
SPROHSA129418		0.000000	0.000000	0.000000	
SPROHSA153514		0.000000	0.000000	0.000000	
SPROHSA172055		0.000000	0.000000	0.000000	
SPROHSA346006		0.000000	0.000000	0.000000	
SPROHSA74214		0.000000	0.000000	0.000000	
SPROHSA334139		0.000000	0.000000	0.000000	
SPROHSA104235		0.000000	0.000000	0.000000	
SPROHSA144410		0.000000	0.000000	0.000000	
SPROHSA238690		0.000000	0.000000	0.000000	
SPROHSA1065		0.000000	0.000000	0.000000	
SPROHSA11576		0.000000	0.000000	0.000000	
SPROHSA146406		0.000000	0.000000	0.000000	
SPROHSA218183		0.000000	0.000000	0.000000	
SPROHSA113216		0.000000	0.000000	0.000000	
SPROHSA13508		0.000000	0.000000	0.000000	
SPROHSA180594		0.000000	0.000000	0.000000	
SPROHSA107880		0.000000	0.000000	0.000000	
SPROHSA130169		0.000000	0.000000	0.000000	
SPROHSA14455		0.000000	0.000000	0.000000	
SPROHSA174493		0.000000	0.000000	0.000000	
SPROHSA35340		0.000000	0.000000	0.000000	
SPROHSA185322		0.000000	0.000000	0.000000	
SPROHSA324178		0.000000	0.000000	0.000000	
SPROHSA207458		0.000000	0.000000	0.000000	
SPROHSA134943		0.000000	0.000000	0.000000	
SPROHSA167287		0.000000	0.000000	0.000000	
SPROHSA110726		0.000000	0.000000	0.000000	
SPROHSA163023		0.000000	0.000000	0.000000	
SPROHSA36271		0.000000	0.000000	0.000000	
SPROHSA264217		0.000000	0.000000	0.000000	
SPROHSA319871		0.000000	0.000000	0.000000	
SPROHSA113981		0.000000	0.000000	0.000000	
SPROHSA131275		0.000000	0.000000	0.000000	
SPROHSA194230		0.000000	0.000000	0.000000	
SPROHSA1424		0.000000	0.000000	0.000000	
SPROHSA155696		0.000000	0.000000	0.000000	
SPROHSA209031		0.000000	0.000000	0.000000	
SPROHSA125103		0.000000	0.000000	0.000000	
SPROHSA141115		0.000000	0.000000	0.000000	
SPROHSA136048		0.000000	0.000000	0.000000	
SPROHSA148204		0.000000	0.000000	0.000000	
SPROHSA163889		0.000000	0.000000	0.000000	
SPROHSA276497		0.000000	0.000000	0.000000	
SPROHSA105406		0.000000	0.000000	0.000000	
SPROHSA132876		0.000000	0.000000	0.000000	
SPROHSA197551		0.000000	0.000000	0.000000	
SPROHSA108568		0.000000	0.000000	0.000000	
SPROHSA224658		0.000000	0.000000	0.000000	
SPROHSA125774		0.000000	0.000000	0.000000	
SPROHSA208503		0.000000	0.000000	0.000000	
SPROHSA286550		0.000000	0.000000	0.000000	
SPROHSA331019		0.000000	0.000000	0.000000	
SPROHSA144608		0.000000	0.000000	0.000000	
SPROHSA152531		0.000000	0.000000	0.000000	
SPROHSA208058		0.000000	0.000000	0.000000	
SPROHSA206071		0.000000	0.000000	0.000000	
SPROHSA236129		0.000000	0.000000	0.000000	
SPROHSA117973		0.000000	0.000000	0.000000	
SPROHSA132154		0.000000	0.000000	0.000000	
SPROHSA25548		0.000000	0.000000	0.000000	
SPROHSA338482		0.000000	0.000000	0.000000	
SPROHSA198926		0.000000	0.000000	0.000000	
SPROHSA235492		0.000000	0.000000	0.000000	
SPROHSA284235		0.000000	0.000000	0.000000	
SPROHSA123264		0.000000	0.000000	0.000000	
SPROHSA131765		0.000000	0.000000	0.000000	
SPROHSA289823		0.000000	0.000000	0.000000	
SPROHSA107711		0.000000	0.000000	0.000000	
SPROHSA2141		0.000000	0.000000	0.000000	
SPROHSA143209		0.000000	0.000000	0.000000	
SPROHSA186760		0.000000	0.000000	0.000000	
SPROHSA146822		0.000000	0.000000	0.000000	
SPROHSA101427		0.000000	0.000000	0.000000	
SPROHSA103287		0.000000	0.000000	0.000000	
SPROHSA301813		0.000000	0.000000	0.000000	
SPROHSA392619		0.000000	0.000000	0.000000	
SPROHSA12543		0.000000	0.000000	0.000000	
SPROHSA227970		0.000000	0.000000	0.000000	
SPROHSA100023		0.000000	0.000000	0.000000	
SPROHSA176188		0.000000	0.000000	0.000000	
SPROHSA284719		0.000000	0.000000	0.000000	
SPROHSA208818		0.000000	0.000000	0.000000	
SPROHSA119826		0.000000	0.000000	0.000000	
SPROHSA14533		0.000000	0.000000	0.000000	
SPROHSA120995		0.000000	0.000000	0.000000	
SPROHSA201040		0.000000	0.000000	0.000000	
SPROHSA102189		0.000000	0.000000	0.000000	
SPROHSA155175		0.000000	0.000000	0.000000	
SPROHSA231215		0.000000	0.000000	0.000000	
SPROHSA217061		0.000000	0.000000	0.000000	
SPROHSA109577		0.000000	0.000000	0.000000	
SPROHSA158843		0.000000	0.000000	0.000000	
SPROHSA176313		0.000000	0.000000	0.000000	
SPROHSA12053		0.000000	0.000000	0.000000	
SPROHSA20272		0.000000	0.000000	0.000000	
SPROHSA126268		0.000000	0.000000	0.000000	
SPROHSA166219		0.000000	0.000000	0.000000	
SPROHSA198985		0.000000	0.000000	0.000000	
SPROHSA210912		0.000000	0.000000	0.000000	
SPROHSA108304		0.000000	0.000000	0.000000	
SPROHSA135940		0.000000	0.000000	0.000000	
SPROHSA125996		0.000000	0.000000	0.000000	
SPROHSA258081		0.000000	0.000000	0.000000	
SPROHSA10104		0.000000	0.000000	0.000000	
SPROHSA112755		0.000000	0.000000	0.000000	
SPROHSA147928		0.000000	0.000000	0.000000	
SPROHSA216374		0.000000	0.000000	0.000000	
SPROHSA28036		0.000000	0.000000	0.000000	
SPROHSA137459		0.000000	0.000000	0.000000	
SPROHSA224379		0.000000	0.000000	0.000000	
SPROHSA13733		0.000000	0.000000	0.000000	
SPROHSA159934		0.000000	0.000000	0.000000	
SPROHSA156785		0.000000	0.000000	0.000000	
SPROHSA112145		0.000000	0.000000	0.000000	
SPROHSA126127		0.000000	0.000000	0.000000	
SPROHSA131600		0.000000	0.000000	0.000000	
SPROHSA245108		0.000000	0.000000	0.000000	
SPROHSA21282		0.000000	0.000000	0.000000	
SPROHSA164426		0.000000	0.000000	0.000000	
SPROHSA121176		0.000000	0.000000	0.000000	
SPROHSA188941		0.000000	0.000000	0.000000	
SPROHSA120626		0.000000	0.000000	0.000000	
SPROHSA173789		0.000000	0.000000	0.000000	
SPROHSA380329		0.000000	0.000000	0.000000	
SPROHSA133145		0.000000	0.000000	0.000000	
SPROHSA197082		0.000000	0.000000	0.000000	
SPROHSA201431		0.000000	0.000000	0.000000	
SPROHSA105106		0.000000	0.000000	0.000000	
SPROHSA13098		0.000000	0.000000	0.000000	
SPROHSA345320		0.000000	0.000000	0.000000	
SPROHSA197101		0.000000	0.000000	0.000000	
SPROHSA149056		0.000000	0.000000	0.000000	
SPROHSA241978		0.000000	0.000000	0.000000	
SPROHSA27392		0.000000	0.000000	0.000000	
SPROHSA225391		0.000000	0.000000	0.000000	
SPROHSA168765		0.000000	0.000000	0.000000	
SPROHSA194919		0.000000	0.000000	0.000000	
SPROHSA126141		0.000000	0.000000	0.000000	
SPROHSA174418		0.000000	0.000000	0.000000	
SPROHSA179567		0.000000	0.000000	0.000000	
SPROHSA215302		0.000000	0.000000	0.000000	
SPROHSA210625		0.000000	0.000000	0.000000	
SPROHSA216698		0.000000	0.000000	0.000000	
SPROHSA198680		0.000000	0.000000	0.000000	
SPROHSA100661		0.000000	0.000000	0.000000	
SPROHSA158190		0.000000	0.000000	0.000000	
SPROHSA113922		0.000000	0.000000	0.000000	
SPROHSA142608		0.000000	0.000000	0.000000	
SPROHSA196769		0.000000	0.000000	0.000000	
SPROHSA111955		0.000000	0.000000	0.000000	
SPROHSA194614		0.000000	0.000000	0.000000	
SPROHSA241927		0.000000	0.000000	0.000000	
SPROHSA140094		0.000000	0.000000	0.000000	
SPROHSA216373		0.000000	0.000000	0.000000	
SPROHSA111270		0.000000	0.000000	0.000000	
SPROHSA126643		0.000000	0.000000	0.000000	
SPROHSA223716		0.000000	0.000000	0.000000	
SPROHSA111831		0.000000	0.000000	0.000000	
SPROHSA132035		0.000000	0.000000	0.000000	
SPROHSA114707		0.000000	0.000000	0.000000	
SPROHSA14396		0.000000	0.000000	0.000000	
SPROHSA117070		0.000000	0.000000	0.000000	
SPROHSA246052		0.000000	0.000000	0.000000	
SPROHSA104667		0.000000	0.000000	0.000000	
SPROHSA173417		0.000000	0.000000	0.000000	
SPROHSA267526		0.000000	0.000000	0.000000	
SPROHSA100948		0.000000	0.000000	0.000000	
SPROHSA160897		0.000000	0.000000	0.000000	
SPROHSA10648		0.000000	0.000000	0.000000	
SPROHSA163042		0.000000	0.000000	0.000000	
SPROHSA180749		0.000000	0.000000	0.000000	
SPROHSA113606		0.000000	0.000000	0.000000	
SPROHSA182128		0.000000	0.000000	0.000000	
SPROHSA183307		0.000000	0.000000	0.000000	
SPROHSA109381		0.000000	0.000000	0.000000	
SPROHSA20301		0.000000	0.000000	0.000000	
SPROHSA168821		0.000000	0.000000	0.000000	
SPROHSA102952		0.000000	0.000000	0.000000	
SPROHSA318642		0.000000	0.000000	0.000000	
SPROHSA230922		0.000000	0.000000	0.000000	
SPROHSA112685		0.000000	0.000000	0.000000	
SPROHSA34500		0.000000	0.000000	0.000000	
SPROHSA139396		0.000000	0.000000	0.000000	
SPROHSA200687		0.000000	0.000000	0.000000	
SPROHSA288326		0.000000	0.000000	0.000000	
SPROHSA163338		0.000000	0.000000	0.000000	
SPROHSA227616		0.000000	0.000000	0.000000	
SPROHSA116221		0.000000	0.000000	0.000000	
SPROHSA155177		0.000000	0.000000	0.000000	
SPROHSA116535		0.000000	0.000000	0.000000	
SPROHSA192474		0.000000	0.000000	0.000000	
SPROHSA11083		0.000000	0.000000	0.000000	
SPROHSA365421		0.000000	0.000000	0.000000	
SPROHSA174796		0.000000	0.000000	0.000000	
SPROHSA204228		0.000000	0.000000	0.000000	
SPROHSA71573		0.000000	0.000000	0.000000	
SPROHSA143195		0.000000	0.000000	0.000000	
SPROHSA120037		0.000000	0.000000	0.000000	
SPROHSA116039		0.000000	0.000000	0.000000	
SPROHSA100804		0.000000	0.000000	0.000000	
SPROHSA109672		0.000000	0.000000	0.000000	
SPROHSA257765		0.000000	0.000000	0.000000	
SPROHSA165958		0.000000	0.000000	0.000000	
SPROHSA115469		0.000000	0.000000	0.000000	
SPROHSA238779		0.000000	0.000000	0.000000	
SPROHSA119791		0.000000	0.000000	0.000000	
SPROHSA149695		0.000000	0.000000	0.000000	
SPROHSA163624		0.000000	0.000000	0.000000	
SPROHSA112268		0.000000	0.000000	0.000000	
SPROHSA145435		0.000000	0.000000	0.000000	
SPROHSA328328		0.000000	0.000000	0.000000	
SPROHSA167942		0.000000	0.000000	0.000000	
SPROHSA197504		0.000000	0.000000	0.000000	
SPROHSA126628		0.000000	0.000000	0.000000	
SPROHSA111687		0.000000	0.000000	0.000000	
SPROHSA134936		0.000000	0.000000	0.000000	
SPROHSA112529		0.000000	0.000000	0.000000	
SPROHSA116230		0.000000	0.000000	0.000000	
SPROHSA212437		0.000000	0.000000	0.000000	
SPROHSA11467		0.000000	0.000000	0.000000	
SPROHSA129285		0.000000	0.000000	0.000000	
SPROHSA189859		0.000000	0.000000	0.000000	
SPROHSA253221		0.000000	0.000000	0.000000	
SPROHSA141644		0.000000	0.000000	0.000000	
SPROHSA259991		0.000000	0.000000	0.000000	
SPROHSA154735		0.000000	0.000000	0.000000	
SPROHSA114102		0.000000	0.000000	0.000000	
SPROHSA114715		0.000000	0.000000	0.000000	
SPROHSA115412		0.000000	0.000000	0.000000	
SPROHSA145056		0.000000	0.000000	0.000000	
SPROHSA265905		0.000000	0.000000	0.000000	
SPROHSA15211		0.000000	0.000000	0.000000	
SPROHSA129046		0.000000	0.000000	0.000000	
SPROHSA14751		0.000000	0.000000	0.000000	
SPROHSA111674		0.000000	0.000000	0.000000	
SPROHSA136176		0.000000	0.000000	0.000000	
SPROHSA218526		0.000000	0.000000	0.000000	
SPROHSA121826		0.000000	0.000000	0.000000	
SPROHSA293368		0.000000	0.000000	0.000000	
SPROHSA281977		0.000000	0.000000	0.000000	
SPROHSA108729		0.000000	0.000000	0.000000	
SPROHSA110719		0.000000	0.000000	0.000000	
SPROHSA135563		0.000000	0.000000	0.000000	
SPROHSA299622		0.000000	0.000000	0.000000	
SPROHSA107790		0.000000	0.000000	0.000000	
SPROHSA118445		0.000000	0.000000	0.000000	
SPROHSA13502		0.000000	0.000000	0.000000	
SPROHSA111093		0.000000	0.000000	0.000000	
SPROHSA122412		0.000000	0.000000	0.000000	
SPROHSA159607		0.000000	0.000000	0.000000	
SPROHSA179399		0.000000	0.000000	0.000000	
SPROHSA104070		0.000000	0.000000	0.000000	
SPROHSA192280		0.000000	0.000000	0.000000	
SPROHSA224133		0.000000	0.000000	0.000000	
SPROHSA375813		0.000000	0.000000	0.000000	
SPROHSA189498		0.000000	0.000000	0.000000	
SPROHSA141846		0.000000	0.000000	0.000000	
SPROHSA149742		0.000000	0.000000	0.000000	
SPROHSA206407		0.000000	0.000000	0.000000	
SPROHSA137427		0.000000	0.000000	0.000000	
SPROHSA110461		0.000000	0.000000	0.000000	
SPROHSA142706		0.000000	0.000000	0.000000	
SPROHSA196719		0.000000	0.000000	0.000000	
SPROHSA20911		0.000000	0.000000	0.000000	
SPROHSA341838		0.000000	0.000000	0.000000	
SPROHSA156847		0.000000	0.000000	0.000000	
SPROHSA184090		0.000000	0.000000	0.000000	
SPROHSA107676		0.000000	0.000000	0.000000	
SPROHSA138120		0.000000	0.000000	0.000000	
SPROHSA296934		0.000000	0.000000	0.000000	
SPROHSA259043		0.000000	0.000000	0.000000	
SPROHSA123266		0.000000	0.000000	0.000000	
SPROHSA145782		0.000000	0.000000	0.000000	
SPROHSA73842		0.000000	0.000000	0.000000	
SPROHSA228057		0.000000	0.000000	0.000000	
SPROHSA246424		0.000000	0.000000	0.000000	
SPROHSA256662		0.000000	0.000000	0.000000	
SPROHSA141819		0.000000	0.000000	0.000000	
SPROHSA213756		0.000000	0.000000	0.000000	
SPROHSA174346		0.000000	0.000000	0.000000	
SPROHSA304794		0.000000	0.000000	0.000000	
SPROHSA321005		0.000000	0.000000	0.000000	
SPROHSA152426		0.000000	0.000000	0.000000	
SPROHSA109812		0.000000	0.000000	0.000000	
SPROHSA164493		0.000000	0.000000	0.000000	
SPROHSA106815		0.000000	0.000000	0.000000	
SPROHSA133080		0.000000	0.000000	0.000000	
SPROHSA115937		0.000000	0.000000	0.000000	
SPROHSA147738		0.000000	0.000000	0.000000	
SPROHSA152496		0.000000	0.000000	0.000000	
SPROHSA25697		0.000000	0.000000	0.000000	
SPROHSA33549		0.000000	0.000000	0.000000	
SPROHSA298049		0.000000	0.000000	0.000000	
SPROHSA173347		0.000000	0.000000	0.000000	
SPROHSA216496		0.000000	0.000000	0.000000	
SPROHSA226355		0.000000	0.000000	0.000000	
SPROHSA237162		0.000000	0.000000	0.000000	
SPROHSA147673		0.000000	0.000000	0.000000	
SPROHSA113380		0.000000	0.000000	0.000000	
SPROHSA113833		0.000000	0.000000	0.000000	
SPROHSA115351		0.000000	0.000000	0.000000	
SPROHSA102562		0.000000	0.000000	0.000000	
SPROHSA121623		0.000000	0.000000	0.000000	
SPROHSA196178		0.000000	0.000000	0.000000	
SPROHSA146295		0.000000	0.000000	0.000000	
SPROHSA193831		0.000000	0.000000	0.000000	
SPROHSA10341		0.000000	0.000000	0.000000	
SPROHSA112090		0.000000	0.000000	0.000000	
SPROHSA116552		0.000000	0.000000	0.000000	
SPROHSA123779		0.000000	0.000000	0.000000	
SPROHSA15441		0.000000	0.000000	0.000000	
SPROHSA204263		0.000000	0.000000	0.000000	
SPROHSA348420		0.000000	0.000000	0.000000	
SPROHSA120984		0.000000	0.000000	0.000000	
SPROHSA119215		0.000000	0.000000	0.000000	
SPROHSA197198		0.000000	0.000000	0.000000	
SPROHSA139873		0.000000	0.000000	0.000000	
SPROHSA373086		0.000000	0.000000	0.000000	
SPROHSA114075		0.000000	0.000000	0.000000	
SPROHSA170417		0.000000	0.000000	0.000000	
SPROHSA114230		0.000000	0.000000	0.000000	
SPROHSA22542		0.000000	0.000000	0.000000	
SPROHSA141661		0.000000	0.000000	0.000000	
SPROHSA145013		0.000000	0.000000	0.000000	
SPROHSA167373		0.000000	0.000000	0.000000	
SPROHSA229549		0.000000	0.000000	0.000000	
SPROHSA137051		0.000000	0.000000	0.000000	
SPROHSA341129		0.000000	0.000000	0.000000	
SPROHSA117354		0.000000	0.000000	0.000000	
SPROHSA117697		0.000000	0.000000	0.000000	
SPROHSA162050		0.000000	0.000000	0.000000	
SPROHSA151015		0.000000	0.000000	0.000000	
SPROHSA215715		0.000000	0.000000	0.000000	
SPROHSA318106		0.000000	0.000000	0.000000	
SPROHSA197240		0.000000	0.000000	0.000000	
SPROHSA128385		0.000000	0.000000	0.000000	
SPROHSA161934		0.000000	0.000000	0.000000	
SPROHSA171831		0.000000	0.000000	0.000000	
SPROHSA119986		0.000000	0.000000	0.000000	
SPROHSA147597		0.000000	0.000000	0.000000	
SPROHSA165059		0.000000	0.000000	0.000000	
SPROHSA120842		0.000000	0.000000	0.000000	
SPROHSA124131		0.000000	0.000000	0.000000	
SPROHSA223920		0.000000	0.000000	0.000000	
SPROHSA106072		0.000000	0.000000	0.000000	
SPROHSA202033		0.000000	0.000000	0.000000	
SPROHSA203914		0.000000	0.000000	0.000000	
SPROHSA17612		0.000000	0.000000	0.000000	
SPROHSA43143		0.000000	0.000000	0.000000	
SPROHSA327076		0.000000	0.000000	0.000000	
SPROHSA390076		0.000000	0.000000	0.000000	
SPROHSA151100		0.000000	0.000000	0.000000	
SPROHSA110288		0.000000	0.000000	0.000000	
SPROHSA125761		0.000000	0.000000	0.000000	
SPROHSA140705		0.000000	0.000000	0.000000	
SPROHSA197972		0.000000	0.000000	0.000000	
SPROHSA147943		0.000000	0.000000	0.000000	
SPROHSA19998		0.000000	0.000000	0.000000	
SPROHSA290288		0.000000	0.000000	0.000000	
SPROHSA104627		0.000000	0.000000	0.000000	
SPROHSA116284		0.000000	0.000000	0.000000	
SPROHSA121415		0.000000	0.000000	0.000000	
SPROHSA297058		0.000000	0.000000	0.000000	
SPROHSA177126		0.000000	0.000000	0.000000	
SPROHSA187723		0.000000	0.000000	0.000000	
SPROHSA10443		0.000000	0.000000	0.000000	
SPROHSA137515		0.000000	0.000000	0.000000	
SPROHSA244155		0.000000	0.000000	0.000000	
SPROHSA115942		0.000000	0.000000	0.000000	
SPROHSA141890		0.000000	0.000000	0.000000	
SPROHSA19547		0.000000	0.000000	0.000000	
SPROHSA278669		0.000000	0.000000	0.000000	
SPROHSA199472		0.000000	0.000000	0.000000	
SPROHSA211333		0.000000	0.000000	0.000000	
SPROHSA10969		0.000000	0.000000	0.000000	
SPROHSA114527		0.000000	0.000000	0.000000	
SPROHSA193174		0.000000	0.000000	0.000000	
SPROHSA155110		0.000000	0.000000	0.000000	
SPROHSA133781		0.000000	0.000000	0.000000	
SPROHSA101523		0.000000	0.000000	0.000000	
SPROHSA180195		0.000000	0.000000	0.000000	
SPROHSA198431		0.000000	0.000000	0.000000	
SPROHSA181527		0.000000	0.000000	0.000000	
SPROHSA310327		0.000000	0.000000	0.000000	
SPROHSA234546		0.000000	0.000000	0.000000	
SPROHSA105074		0.000000	0.000000	0.000000	
SPROHSA130456		0.000000	0.000000	0.000000	
SPROHSA312041		0.000000	0.000000	0.000000	
SPROHSA108041		0.000000	0.000000	0.000000	
SPROHSA146827		0.000000	0.000000	0.000000	
SPROHSA49361		0.000000	0.000000	0.000000	
SPROHSA127446		0.000000	0.000000	0.000000	
SPROHSA129686		0.000000	0.000000	0.000000	
SPROHSA142578		0.000000	0.000000	0.000000	
SPROHSA111658		0.000000	0.000000	0.000000	
SPROHSA111626		0.000000	0.000000	0.000000	
SPROHSA139586		0.000000	0.000000	0.000000	
SPROHSA240293		0.000000	0.000000	0.000000	
SPROHSA167386		0.000000	0.000000	0.000000	
SPROHSA136233		0.000000	0.000000	0.000000	
SPROHSA21474		0.000000	0.000000	0.000000	
SPROHSA334876		0.000000	0.000000	0.000000	
SPROHSA146451		0.000000	0.000000	0.000000	
SPROHSA103381		0.000000	0.000000	0.000000	
SPROHSA134379		0.000000	0.000000	0.000000	
SPROHSA21032		0.000000	0.000000	0.000000	
SPROHSA104102		0.000000	0.000000	0.000000	
SPROHSA196358		0.000000	0.000000	0.000000	
SPROHSA120048		0.000000	0.000000	0.000000	
SPROHSA326618		0.000000	0.000000	0.000000	
SPROHSA126720		0.000000	0.000000	0.000000	
SPROHSA104267		0.000000	0.000000	0.000000	
SPROHSA106139		0.000000	0.000000	0.000000	
SPROHSA107797		0.000000	0.000000	0.000000	
SPROHSA104405		0.000000	0.000000	0.000000	
SPROHSA182132		0.000000	0.000000	0.000000	
SPROHSA324366		0.000000	0.000000	0.000000	
SPROHSA230849		0.000000	0.000000	0.000000	
SPROHSA24793		0.000000	0.000000	0.000000	
SPROHSA358096		0.000000	0.000000	0.000000	
SPROHSA243169		0.000000	0.000000	0.000000	
SPROHSA100861		0.000000	0.000000	0.000000	
SPROHSA196842		0.000000	0.000000	0.000000	
SPROHSA137389		0.000000	0.000000	0.000000	
SPROHSA289836		0.000000	0.000000	0.000000	
SPROHSA79195		0.000000	0.000000	0.000000	
SPROHSA218494		0.000000	0.000000	0.000000	
SPROHSA124906		0.000000	0.000000	0.000000	
SPROHSA372116		0.000000	0.000000	0.000000	
SPROHSA119795		0.000000	0.000000	0.000000	
SPROHSA132517		0.000000	0.000000	0.000000	
SPROHSA213595		0.000000	0.000000	0.000000	
SPROHSA152923		0.000000	0.000000	0.000000	
SPROHSA281811		0.000000	0.000000	0.000000	
SPROHSA196218		0.000000	0.000000	0.000000	
SPROHSA251297		0.000000	0.000000	0.000000	
SPROHSA143269		0.000000	0.000000	0.000000	
SPROHSA100712		0.000000	0.000000	0.000000	
SPROHSA147804		0.000000	0.000000	0.000000	
SPROHSA121723		0.000000	0.000000	0.000000	
SPROHSA108413		0.000000	0.000000	0.000000	
SPROHSA372940		0.000000	0.000000	0.000000	
SPROHSA138175		0.000000	0.000000	0.000000	
SPROHSA352563		0.000000	0.000000	0.000000	
SPROHSA125631		0.000000	0.000000	0.000000	
SPROHSA279021		0.000000	0.000000	0.000000	
SPROHSA335939		0.000000	0.000000	0.000000	
SPROHSA13624		0.000000	0.000000	0.000000	
SPROHSA172336		0.000000	0.000000	0.000000	
SPROHSA185366		0.000000	0.000000	0.000000	
SPROHSA376605		0.000000	0.000000	0.000000	
SPROHSA107820		0.000000	0.000000	0.000000	
SPROHSA229513		0.000000	0.000000	0.000000	
SPROHSA15184		0.000000	0.000000	0.000000	
SPROHSA171474		0.000000	0.000000	0.000000	
SPROHSA24522		0.000000	0.000000	0.000000	
SPROHSA117071		0.000000	0.000000	0.000000	
SPROHSA231783		0.000000	0.000000	0.000000	
SPROHSA24648		0.000000	0.000000	0.000000	
SPROHSA18796		0.000000	0.000000	0.000000	
SPROHSA104572		0.000000	0.000000	0.000000	
SPROHSA188804		0.000000	0.000000	0.000000	
SPROHSA241075		0.000000	0.000000	0.000000	
SPROHSA132199		0.000000	0.000000	0.000000	
SPROHSA376275		0.000000	0.000000	0.000000	
SPROHSA342547		0.000000	0.000000	0.000000	
SPROHSA115390		0.000000	0.000000	0.000000	
SPROHSA156927		0.000000	0.000000	0.000000	
SPROHSA104092		0.000000	0.000000	0.000000	
SPROHSA122942		0.000000	0.000000	0.000000	
SPROHSA204166		0.000000	0.000000	0.000000	
SPROHSA107278		0.000000	0.000000	0.000000	
SPROHSA131791		0.000000	0.000000	0.000000	
SPROHSA104633		0.000000	0.000000	0.000000	
SPROHSA159500		0.000000	0.000000	0.000000	
SPROHSA112916		0.000000	0.000000	0.000000	
SPROHSA13942		0.000000	0.000000	0.000000	
SPROHSA23632		0.000000	0.000000	0.000000	
SPROHSA194348		0.000000	0.000000	0.000000	
SPROHSA348281		0.000000	0.000000	0.000000	
SPROHSA366973		0.000000	0.000000	0.000000	
SPROHSA194159		0.000000	0.000000	0.000000	
SPROHSA218375		0.000000	0.000000	0.000000	
SPROHSA97903		0.000000	0.000000	0.000000	
SPROHSA103115		0.000000	0.000000	0.000000	
SPROHSA168800		0.000000	0.000000	0.000000	
SPROHSA231054		0.000000	0.000000	0.000000	
SPROHSA266609		0.000000	0.000000	0.000000	
SPROHSA194487		0.000000	0.000000	0.000000	
SPROHSA226077		0.000000	0.000000	0.000000	
SPROHSA38914		0.000000	0.000000	0.000000	
SPROHSA39814		0.000000	0.000000	0.000000	
SPROHSA118338		0.000000	0.000000	0.000000	
SPROHSA123014		0.000000	0.000000	0.000000	
SPROHSA135526		0.000000	0.000000	0.000000	
SPROHSA115654		0.000000	0.000000	0.000000	
SPROHSA110760		0.000000	0.000000	0.000000	
SPROHSA237149		0.000000	0.000000	0.000000	
SPROHSA184814		0.000000	0.000000	0.000000	
SPROHSA192918		0.000000	0.000000	0.000000	
SPROHSA274161		0.000000	0.000000	0.000000	
SPROHSA121226		0.000000	0.000000	0.000000	
SPROHSA172991		0.000000	0.000000	0.000000	
SPROHSA318121		0.000000	0.000000	0.000000	
SPROHSA82654		0.000000	0.000000	0.000000	
SPROHSA11386		0.000000	0.000000	0.000000	
SPROHSA284883		0.000000	0.000000	0.000000	
SPROHSA144394		0.000000	0.000000	0.000000	
SPROHSA155922		0.000000	0.000000	0.000000	
SPROHSA168385		0.000000	0.000000	0.000000	
SPROHSA192036		0.000000	0.000000	0.000000	
SPROHSA48992		0.000000	0.000000	0.000000	
SPROHSA259867		0.000000	0.000000	0.000000	
SPROHSA224933		0.000000	0.000000	0.000000	
SPROHSA6775		0.000000	0.000000	0.000000	
SPROHSA196293		0.000000	0.000000	0.000000	
SPROHSA109960		0.000000	0.000000	0.000000	
SPROHSA11757		0.000000	0.000000	0.000000	
SPROHSA18153		0.000000	0.000000	0.000000	
SPROHSA189495		0.000000	0.000000	0.000000	
SPROHSA151342		0.000000	0.000000	0.000000	
SPROHSA174445		0.000000	0.000000	0.000000	
SPROHSA175059		0.000000	0.000000	0.000000	
SPROHSA321030		0.000000	0.000000	0.000000	
SPROHSA166561		0.000000	0.000000	0.000000	
SPROHSA106880		0.000000	0.000000	0.000000	
SPROHSA120696		0.000000	0.000000	0.000000	
SPROHSA153646		0.000000	0.000000	0.000000	
SPROHSA172065		0.000000	0.000000	0.000000	
SPROHSA84769		0.000000	0.000000	0.000000	
SPROHSA105894		0.000000	0.000000	0.000000	
SPROHSA24318		0.000000	0.000000	0.000000	
SPROHSA100657		0.000000	0.000000	0.000000	
SPROHSA229635		0.000000	0.000000	0.000000	
SPROHSA259008		0.000000	0.000000	0.000000	
SPROHSA123171		0.000000	0.000000	0.000000	
SPROHSA179375		0.000000	0.000000	0.000000	
SPROHSA273979		0.000000	0.000000	0.000000	
SPROHSA127438		0.000000	0.000000	0.000000	
SPROHSA113901		0.000000	0.000000	0.000000	
SPROHSA128967		0.000000	0.000000	0.000000	
SPROHSA10466		0.000000	0.000000	0.000000	
SPROHSA160340		0.000000	0.000000	0.000000	
SPROHSA23817		0.000000	0.000000	0.000000	
SPROHSA289093		0.000000	0.000000	0.000000	
SPROHSA319663		0.000000	0.000000	0.000000	
SPROHSA133916		0.000000	0.000000	0.000000	
SPROHSA141499		0.000000	0.000000	0.000000	
SPROHSA144728		0.000000	0.000000	0.000000	
SPROHSA105268		0.000000	0.000000	0.000000	
SPROHSA144293		0.000000	0.000000	0.000000	
SPROHSA257047		0.000000	0.000000	0.000000	
SPROHSA193407		0.000000	0.000000	0.000000	
SPROHSA203302		0.000000	0.000000	0.000000	
SPROHSA110706		0.000000	0.000000	0.000000	
SPROHSA234172		0.000000	0.000000	0.000000	
SPROHSA100383		0.000000	0.000000	0.000000	
SPROHSA207336		0.000000	0.000000	0.000000	
SPROHSA100355		0.000000	0.000000	0.000000	
SPROHSA111530		0.000000	0.000000	0.000000	
SPROHSA139160		0.000000	0.000000	0.000000	
SPROHSA67562		0.000000	0.000000	0.000000	
SPROHSA245031		0.000000	0.000000	0.000000	
SPROHSA116461		0.000000	0.000000	0.000000	
SPROHSA141068		0.000000	0.000000	0.000000	
SPROHSA4442		0.000000	0.000000	0.000000	
SPROHSA179545		0.000000	0.000000	0.000000	
SPROHSA56880		0.000000	0.000000	0.000000	
SPROHSA116510		0.000000	0.000000	0.000000	
SPROHSA157119		0.000000	0.000000	0.000000	
SPROHSA276399		0.000000	0.000000	0.000000	
SPROHSA203338		0.000000	0.000000	0.000000	
SPROHSA164005		0.000000	0.000000	0.000000	
SPROHSA138080		0.000000	0.000000	0.000000	
SPROHSA182809		0.000000	0.000000	0.000000	
SPROHSA263441		0.000000	0.000000	0.000000	
SPROHSA217369		0.000000	0.000000	0.000000	
SPROHSA351677		0.000000	0.000000	0.000000	
SPROHSA110410		0.000000	0.000000	0.000000	
SPROHSA347698		0.000000	0.000000	0.000000	
SPROHSA365789		0.000000	0.000000	0.000000	
SPROHSA157804		0.000000	0.000000	0.000000	
SPROHSA210277		0.000000	0.000000	0.000000	
SPROHSA204490		0.000000	0.000000	0.000000	
SPROHSA121379		0.000000	0.000000	0.000000	
SPROHSA215403		0.000000	0.000000	0.000000	
SPROHSA149873		0.000000	0.000000	0.000000	
SPROHSA106968		0.000000	0.000000	0.000000	
SPROHSA250506		0.000000	0.000000	0.000000	
SPROHSA112803		0.000000	0.000000	0.000000	
SPROHSA214537		0.000000	0.000000	0.000000	
SPROHSA300549		0.000000	0.000000	0.000000	
SPROHSA172462		0.000000	0.000000	0.000000	
SPROHSA21397		0.000000	0.000000	0.000000	
SPROHSA119746		0.000000	0.000000	0.000000	
SPROHSA212487		0.000000	0.000000	0.000000	
SPROHSA16566		0.000000	0.000000	0.000000	
SPROHSA201180		0.000000	0.000000	0.000000	
SPROHSA186201		0.000000	0.000000	0.000000	
SPROHSA125767		0.000000	0.000000	0.000000	
SPROHSA331361		0.000000	0.000000	0.000000	
SPROHSA182676		0.000000	0.000000	0.000000	
SPROHSA203377		0.000000	0.000000	0.000000	
SPROHSA131823		0.000000	0.000000	0.000000	
SPROHSA179179		0.000000	0.000000	0.000000	
SPROHSA11426		0.000000	0.000000	0.000000	
SPROHSA238875		0.000000	0.000000	0.000000	
SPROHSA257471		0.000000	0.000000	0.000000	
SPROHSA13132		0.000000	0.000000	0.000000	
SPROHSA105091		0.000000	0.000000	0.000000	
SPROHSA16371		0.000000	0.000000	0.000000	
SPROHSA176206		0.000000	0.000000	0.000000	
SPROHSA110489		0.000000	0.000000	0.000000	
SPROHSA120969		0.000000	0.000000	0.000000	
SPROHSA111282		0.000000	0.000000	0.000000	
SPROHSA117632		0.000000	0.000000	0.000000	
SPROHSA157018		0.000000	0.000000	0.000000	
SPROHSA128799		0.000000	0.000000	0.000000	
SPROHSA26848		0.000000	0.000000	0.000000	
SPROHSA186306		0.000000	0.000000	0.000000	
SPROHSA9590		0.000000	0.000000	0.000000	
SPROHSA266607		0.000000	0.000000	0.000000	
SPROHSA205522		0.000000	0.000000	0.000000	
SPROHSA123532		0.000000	0.000000	0.000000	
SPROHSA151242		0.000000	0.000000	0.000000	
SPROHSA27879		0.000000	0.000000	0.000000	
SPROHSA346757		0.000000	0.000000	0.000000	
SPROHSA168631		0.000000	0.000000	0.000000	
SPROHSA264720		0.000000	0.000000	0.000000	
SPROHSA141917		0.000000	0.000000	0.000000	
SPROHSA133973		0.000000	0.000000	0.000000	
SPROHSA199188		0.000000	0.000000	0.000000	
SPROHSA21958		0.000000	0.000000	0.000000	
SPROHSA332651		0.000000	0.000000	0.000000	
SPROHSA122151		0.000000	0.000000	0.000000	
SPROHSA39195		0.000000	0.000000	0.000000	
SPROHSA126711		0.000000	0.000000	0.000000	
SPROHSA159951		0.000000	0.000000	0.000000	
SPROHSA112186		0.000000	0.000000	0.000000	
SPROHSA135641		0.000000	0.000000	0.000000	
SPROHSA168314		0.000000	0.000000	0.000000	
SPROHSA302246		0.000000	0.000000	0.000000	
SPROHSA11638		0.000000	0.000000	0.000000	
SPROHSA100465		0.000000	0.000000	0.000000	
SPROHSA188247		0.000000	0.000000	0.000000	
SPROHSA120986		0.000000	0.000000	0.000000	
SPROHSA135950		0.000000	0.000000	0.000000	
SPROHSA15797		0.000000	0.000000	0.000000	
SPROHSA17744		0.000000	0.000000	0.000000	
SPROHSA100955		0.000000	0.000000	0.000000	
SPROHSA134956		0.000000	0.000000	0.000000	
SPROHSA188676		0.000000	0.000000	0.000000	
SPROHSA151683		0.000000	0.000000	0.000000	
SPROHSA376977		0.000000	0.000000	0.000000	
SPROHSA10999		0.000000	0.000000	0.000000	
SPROHSA271948		0.000000	0.000000	0.000000	
SPROHSA122732		0.000000	0.000000	0.000000	
SPROHSA171410		0.000000	0.000000	0.000000	
SPROHSA164133		0.000000	0.000000	0.000000	
SPROHSA24324		0.000000	0.000000	0.000000	
SPROHSA1041		0.000000	0.000000	0.000000	
SPROHSA117136		0.000000	0.000000	0.000000	
SPROHSA185224		0.000000	0.000000	0.000000	
SPROHSA121358		0.000000	0.000000	0.000000	
SPROHSA180356		0.000000	0.000000	0.000000	
SPROHSA203506		0.000000	0.000000	0.000000	
SPROHSA153110		0.000000	0.000000	0.000000	
SPROHSA173256		0.000000	0.000000	0.000000	
SPROHSA203874		0.000000	0.000000	0.000000	
SPROHSA123293		0.000000	0.000000	0.000000	
SPROHSA151939		0.000000	0.000000	0.000000	
SPROHSA114277		0.000000	0.000000	0.000000	
SPROHSA203609		0.000000	0.000000	0.000000	
SPROHSA106125		0.000000	0.000000	0.000000	
SPROHSA159659		0.000000	0.000000	0.000000	
SPROHSA121109		0.000000	0.000000	0.000000	
SPROHSA104137		0.000000	0.000000	0.000000	
SPROHSA186580		0.000000	0.000000	0.000000	
SPROHSA197653		0.000000	0.000000	0.000000	
SPROHSA213852		0.000000	0.000000	0.000000	
SPROHSA102767		0.000000	0.000000	0.000000	
SPROHSA253834		0.000000	0.000000	0.000000	
SPROHSA15815		0.000000	0.000000	0.000000	
SPROHSA220087		0.000000	0.000000	0.000000	
SPROHSA256775		0.000000	0.000000	0.000000	
SPROHSA325943		0.000000	0.000000	0.000000	
SPROHSA21521		0.000000	0.000000	0.000000	
SPROHSA200670		0.000000	0.000000	0.000000	
SPROHSA141388		0.000000	0.000000	0.000000	
SPROHSA172423		0.000000	0.000000	0.000000	
SPROHSA226523		0.000000	0.000000	0.000000	
SPROHSA196909		0.000000	0.000000	0.000000	
SPROHSA114099		0.000000	0.000000	0.000000	
SPROHSA274862		0.000000	0.000000	0.000000	
SPROHSA118586		0.000000	0.000000	0.000000	
SPROHSA133687		0.000000	0.000000	0.000000	
SPROHSA11829		0.000000	0.000000	0.000000	
SPROHSA113071		0.000000	0.000000	0.000000	
SPROHSA10091		0.000000	0.000000	0.000000	
SPROHSA210475		0.000000	0.000000	0.000000	
SPROHSA329354		0.000000	0.000000	0.000000	
SPROHSA117778		0.000000	0.000000	0.000000	
SPROHSA136383		0.000000	0.000000	0.000000	
SPROHSA367815		0.000000	0.000000	0.000000	
SPROHSA111466		0.000000	0.000000	0.000000	
SPROHSA115464		0.000000	0.000000	0.000000	
SPROHSA122731		0.000000	0.000000	0.000000	
SPROHSA187803		0.000000	0.000000	0.000000	
SPROHSA327552		0.000000	0.000000	0.000000	
SPROHSA208203		0.000000	0.000000	0.000000	
SPROHSA110769		0.000000	0.000000	0.000000	
SPROHSA196838		0.000000	0.000000	0.000000	
SPROHSA154071		0.000000	0.000000	0.000000	
SPROHSA14560		0.000000	0.000000	0.000000	
SPROHSA100879		0.000000	0.000000	0.000000	
SPROHSA171912		0.000000	0.000000	0.000000	
SPROHSA124012		0.000000	0.000000	0.000000	
SPROHSA176670		0.000000	0.000000	0.000000	
SPROHSA221308		0.000000	0.000000	0.000000	
SPROHSA107776		0.000000	0.000000	0.000000	
SPROHSA118533		0.000000	0.000000	0.000000	
SPROHSA353947		0.000000	0.000000	0.000000	
SPROHSA105404		0.000000	0.000000	0.000000	
SPROHSA103720		0.000000	0.000000	0.000000	
SPROHSA124486		0.000000	0.000000	0.000000	
SPROHSA129673		0.000000	0.000000	0.000000	
SPROHSA121157		0.000000	0.000000	0.000000	
SPROHSA116380		0.000000	0.000000	0.000000	
SPROHSA171522		0.000000	0.000000	0.000000	
SPROHSA318965		0.000000	0.000000	0.000000	
SPROHSA79698		0.000000	0.000000	0.000000	
SPROHSA212983		0.000000	0.000000	0.000000	
SPROHSA294743		0.000000	0.000000	0.000000	
SPROHSA360395		0.000000	0.000000	0.000000	
SPROHSA191231		0.000000	0.000000	0.000000	
SPROHSA111670		0.000000	0.000000	0.000000	
SPROHSA174442		0.000000	0.000000	0.000000	
SPROHSA102502		0.000000	0.000000	0.000000	
SPROHSA210903		0.000000	0.000000	0.000000	
SPROHSA287681		0.000000	0.000000	0.000000	
SPROHSA81358		0.000000	0.000000	0.000000	
SPROHSA115360		0.000000	0.000000	0.000000	
SPROHSA135104		0.000000	0.000000	0.000000	
SPROHSA151687		0.000000	0.000000	0.000000	
SPROHSA35211		0.000000	0.000000	0.000000	
SPROHSA12078		0.000000	0.000000	0.000000	
SPROHSA167471		0.000000	0.000000	0.000000	
SPROHSA120236		0.000000	0.000000	0.000000	
SPROHSA91573		0.000000	0.000000	0.000000	
SPROHSA119471		0.000000	0.000000	0.000000	
SPROHSA128232		0.000000	0.000000	0.000000	
SPROHSA141970		0.000000	0.000000	0.000000	
SPROHSA103800		0.000000	0.000000	0.000000	
SPROHSA111306		0.000000	0.000000	0.000000	
SPROHSA167891		0.000000	0.000000	0.000000	
SPROHSA127166		0.000000	0.000000	0.000000	
SPROHSA19508		0.000000	0.000000	0.000000	
SPROHSA365725		0.000000	0.000000	0.000000	
SPROHSA292829		0.000000	0.000000	0.000000	
SPROHSA114351		0.000000	0.000000	0.000000	
SPROHSA122474		0.000000	0.000000	0.000000	
SPROHSA142500		0.000000	0.000000	0.000000	
SPROHSA221398		0.000000	0.000000	0.000000	
SPROHSA321193		0.000000	0.000000	0.000000	
SPROHSA196496		0.000000	0.000000	0.000000	
SPROHSA200650		0.000000	0.000000	0.000000	
SPROHSA253069		0.000000	0.000000	0.000000	
SPROHSA288211		0.000000	0.000000	0.000000	
SPROHSA205960		0.000000	0.000000	0.000000	
SPROHSA384752		0.000000	0.000000	0.000000	
SPROHSA104116		0.000000	0.000000	0.000000	
SPROHSA142644		0.000000	0.000000	0.000000	
SPROHSA229551		0.000000	0.000000	0.000000	
SPROHSA14324		0.000000	0.000000	0.000000	
SPROHSA237142		0.000000	0.000000	0.000000	
SPROHSA144869		0.000000	0.000000	0.000000	
SPROHSA164020		0.000000	0.000000	0.000000	
SPROHSA195166		0.000000	0.000000	0.000000	
SPROHSA106982		0.000000	0.000000	0.000000	
SPROHSA237164		0.000000	0.000000	0.000000	
SPROHSA238883		0.000000	0.000000	0.000000	
SPROHSA119275		0.000000	0.000000	0.000000	
SPROHSA200271		0.000000	0.000000	0.000000	
SPROHSA100859		0.000000	0.000000	0.000000	
SPROHSA15525		0.000000	0.000000	0.000000	
SPROHSA165532		0.000000	0.000000	0.000000	
SPROHSA244451		0.000000	0.000000	0.000000	
SPROHSA116465		0.000000	0.000000	0.000000	
SPROHSA310746		0.000000	0.000000	0.000000	
SPROHSA126177		0.000000	0.000000	0.000000	
SPROHSA202560		0.000000	0.000000	0.000000	
SPROHSA126779		0.000000	0.000000	0.000000	
SPROHSA244751		0.000000	0.000000	0.000000	
SPROHSA337912		0.000000	0.000000	0.000000	
SPROHSA194894		0.000000	0.000000	0.000000	
SPROHSA101553		0.000000	0.000000	0.000000	
SPROHSA138671		0.000000	0.000000	0.000000	
SPROHSA331962		0.000000	0.000000	0.000000	
SPROHSA137040		0.000000	0.000000	0.000000	
SPROHSA170902		0.000000	0.000000	0.000000	
SPROHSA198966		0.000000	0.000000	0.000000	
SPROHSA111944		0.000000	0.000000	0.000000	
SPROHSA96669		0.000000	0.000000	0.000000	
SPROHSA66215		0.000000	0.000000	0.000000	
SPROHSA41432		0.000000	0.000000	0.000000	
SPROHSA135492		0.000000	0.000000	0.000000	
SPROHSA284852		0.000000	0.000000	0.000000	
SPROHSA121955		0.000000	0.000000	0.000000	
SPROHSA119100		0.000000	0.000000	0.000000	
SPROHSA274317		0.000000	0.000000	0.000000	
SPROHSA50713		0.000000	0.000000	0.000000	
SPROHSA224067		0.000000	0.000000	0.000000	
SPROHSA126832		0.000000	0.000000	0.000000	
SPROHSA258509		0.000000	0.000000	0.000000	
SPROHSA118115		0.000000	0.000000	0.000000	
SPROHSA118579		0.000000	0.000000	0.000000	
SPROHSA11020		0.000000	0.000000	0.000000	
SPROHSA189871		0.000000	0.000000	0.000000	
SPROHSA119548		0.000000	0.000000	0.000000	
SPROHSA152649		0.000000	0.000000	0.000000	
SPROHSA191329		0.000000	0.000000	0.000000	
SPROHSA211541		0.000000	0.000000	0.000000	
SPROHSA23625		0.000000	0.000000	0.000000	
SPROHSA100736		0.000000	0.000000	0.000000	
SPROHSA127994		0.000000	0.000000	0.000000	
SPROHSA197561		0.000000	0.000000	0.000000	
SPROHSA14510		0.000000	0.000000	0.000000	
SPROHSA124819		0.000000	0.000000	0.000000	
SPROHSA213615		0.000000	0.000000	0.000000	
SPROHSA141503		0.000000	0.000000	0.000000	
SPROHSA125819		0.000000	0.000000	0.000000	
SPROHSA1330		0.000000	0.000000	0.000000	
SPROHSA15374		0.000000	0.000000	0.000000	
SPROHSA232422		0.000000	0.000000	0.000000	
SPROHSA356095		0.000000	0.000000	0.000000	
SPROHSA2866		0.000000	0.000000	0.000000	
SPROHSA134884		0.000000	0.000000	0.000000	
SPROHSA188296		0.000000	0.000000	0.000000	
SPROHSA387587		0.000000	0.000000	0.000000	
SPROHSA122071		0.000000	0.000000	0.000000	
SPROHSA24643		0.000000	0.000000	0.000000	
SPROHSA117241		0.000000	0.000000	0.000000	
SPROHSA103888		0.000000	0.000000	0.000000	
SPROHSA108753		0.000000	0.000000	0.000000	
SPROHSA182832		0.000000	0.000000	0.000000	
SPROHSA321747		0.000000	0.000000	0.000000	
SPROHSA145948		0.000000	0.000000	0.000000	
SPROHSA100628		0.000000	0.000000	0.000000	
SPROHSA149443		0.000000	0.000000	0.000000	
SPROHSA132274		0.000000	0.000000	0.000000	
SPROHSA33851		0.000000	0.000000	0.000000	
SPROHSA15486		0.000000	0.000000	0.000000	
SPROHSA348813		0.000000	0.000000	0.000000	
SPROHSA123126		0.000000	0.000000	0.000000	
SPROHSA225064		0.000000	0.000000	0.000000	
SPROHSA177369		0.000000	0.000000	0.000000	
SPROHSA106381		0.000000	0.000000	0.000000	
SPROHSA134685		0.000000	0.000000	0.000000	
SPROHSA183254		0.000000	0.000000	0.000000	
SPROHSA140866		0.000000	0.000000	0.000000	
SPROHSA292560		0.000000	0.000000	0.000000	
SPROHSA140704		0.000000	0.000000	0.000000	
SPROHSA197261		0.000000	0.000000	0.000000	
SPROHSA315124		0.000000	0.000000	0.000000	
SPROHSA2744		0.000000	0.000000	0.000000	
O00762	UBE2C	0.000000	0.000000	0.000000	
SPROHSA318680		0.000000	0.000000	0.000000	
SPROHSA223859		0.000000	0.000000	0.000000	
SPROHSA203709		0.000000	0.000000	0.000000	
SPROHSA126034		0.000000	0.000000	0.000000	
SPROHSA142075		0.000000	0.000000	0.000000	
SPROHSA102151		0.000000	0.000000	0.000000	
SPROHSA16266		0.000000	0.000000	0.000000	
SPROHSA119691		0.000000	0.000000	0.000000	
SPROHSA195886		0.000000	0.000000	0.000000	
SPROHSA373303		0.000000	0.000000	0.000000	
SPROHSA239105		0.000000	0.000000	0.000000	
SPROHSA296473		0.000000	0.000000	0.000000	
SPROHSA134180		0.000000	0.000000	0.000000	
SPROHSA59531		0.000000	0.000000	0.000000	
SPROHSA234272		0.000000	0.000000	0.000000	
SPROHSA107726		0.000000	0.000000	0.000000	
SPROHSA124661		0.000000	0.000000	0.000000	
SPROHSA202233		0.000000	0.000000	0.000000	
SPROHSA317335		0.000000	0.000000	0.000000	
SPROHSA192634		0.000000	0.000000	0.000000	
SPROHSA146168		0.000000	0.000000	0.000000	
SPROHSA231980		0.000000	0.000000	0.000000	
SPROHSA116650		0.000000	0.000000	0.000000	
SPROHSA104631		0.000000	0.000000	0.000000	
SPROHSA100196		0.000000	0.000000	0.000000	
SPROHSA13919		0.000000	0.000000	0.000000	
SPROHSA266620		0.000000	0.000000	0.000000	
SPROHSA139322		0.000000	0.000000	0.000000	
SPROHSA63992		0.000000	0.000000	0.000000	
SPROHSA177084		0.000000	0.000000	0.000000	
SPROHSA134458		0.000000	0.000000	0.000000	
SPROHSA16701		0.000000	0.000000	0.000000	
SPROHSA156114		0.000000	0.000000	0.000000	
SPROHSA198461		0.000000	0.000000	0.000000	
SPROHSA127519		0.000000	0.000000	0.000000	
SPROHSA108190		0.000000	0.000000	0.000000	
SPROHSA222570		0.000000	0.000000	0.000000	
SPROHSA126911		0.000000	0.000000	0.000000	
SPROHSA177794		0.000000	0.000000	0.000000	
SPROHSA261910		0.000000	0.000000	0.000000	
SPROHSA141887		0.000000	0.000000	0.000000	
SPROHSA201979		0.000000	0.000000	0.000000	
SPROHSA344168		0.000000	0.000000	0.000000	
SPROHSA222469		0.000000	0.000000	0.000000	
SPROHSA142174		0.000000	0.000000	0.000000	
SPROHSA131506		0.000000	0.000000	0.000000	
SPROHSA20289		0.000000	0.000000	0.000000	
SPROHSA111184		0.000000	0.000000	0.000000	
SPROHSA11921		0.000000	0.000000	0.000000	
SPROHSA212489		0.000000	0.000000	0.000000	
SPROHSA284558		0.000000	0.000000	0.000000	
SPROHSA39191		0.000000	0.000000	0.000000	
SPROHSA224884		0.000000	0.000000	0.000000	
SPROHSA10948		0.000000	0.000000	0.000000	
SPROHSA14316		0.000000	0.000000	0.000000	
SPROHSA108108		0.000000	0.000000	0.000000	
SPROHSA315085		0.000000	0.000000	0.000000	
SPROHSA385517		0.000000	0.000000	0.000000	
SPROHSA168840		0.000000	0.000000	0.000000	
SPROHSA54360		0.000000	0.000000	0.000000	
SPROHSA177802		0.000000	0.000000	0.000000	
SPROHSA1183		0.000000	0.000000	0.000000	
SPROHSA183979		0.000000	0.000000	0.000000	
SPROHSA301969		0.000000	0.000000	0.000000	
SPROHSA267993		0.000000	0.000000	0.000000	
SPROHSA216677		0.000000	0.000000	0.000000	
SPROHSA115573		0.000000	0.000000	0.000000	
SPROHSA208393		0.000000	0.000000	0.000000	
SPROHSA307247		0.000000	0.000000	0.000000	
SPROHSA287909		0.000000	0.000000	0.000000	
SPROHSA374289		0.000000	0.000000	0.000000	
SPROHSA80597		0.000000	0.000000	0.000000	
SPROHSA72933		0.000000	0.000000	0.000000	
SPROHSA105923		0.000000	0.000000	0.000000	
SPROHSA109235		0.000000	0.000000	0.000000	
SPROHSA264050		0.000000	0.000000	0.000000	
SPROHSA112871		0.000000	0.000000	0.000000	
SPROHSA193314		0.000000	0.000000	0.000000	
SPROHSA294417		0.000000	0.000000	0.000000	
SPROHSA130590		0.000000	0.000000	0.000000	
SPROHSA249272		0.000000	0.000000	0.000000	
SPROHSA123194		0.000000	0.000000	0.000000	
SPROHSA3812		0.000000	0.000000	0.000000	
SPROHSA155261		0.000000	0.000000	0.000000	
SPROHSA120975		0.000000	0.000000	0.000000	
SPROHSA267520		0.000000	0.000000	0.000000	
SPROHSA155052		0.000000	0.000000	0.000000	
SPROHSA104880		0.000000	0.000000	0.000000	
SPROHSA124345		0.000000	0.000000	0.000000	
SPROHSA132209		0.000000	0.000000	0.000000	
SPROHSA124303		0.000000	0.000000	0.000000	
SPROHSA189939		0.000000	0.000000	0.000000	
SPROHSA36630		0.000000	0.000000	0.000000	
SPROHSA150122		0.000000	0.000000	0.000000	
SPROHSA48383		0.000000	0.000000	0.000000	
SPROHSA176778		0.000000	0.000000	0.000000	
SPROHSA115408		0.000000	0.000000	0.000000	
SPROHSA106056		0.000000	0.000000	0.000000	
SPROHSA151946		0.000000	0.000000	0.000000	
SPROHSA349958		0.000000	0.000000	0.000000	
SPROHSA274733		0.000000	0.000000	0.000000	
SPROHSA148385		0.000000	0.000000	0.000000	
SPROHSA239981		0.000000	0.000000	0.000000	
SPROHSA155795		0.000000	0.000000	0.000000	
SPROHSA197325		0.000000	0.000000	0.000000	
SPROHSA208285		0.000000	0.000000	0.000000	
SPROHSA106019		0.000000	0.000000	0.000000	
SPROHSA165559		0.000000	0.000000	0.000000	
SPROHSA184770		0.000000	0.000000	0.000000	
SPROHSA116921		0.000000	0.000000	0.000000	
SPROHSA296964		0.000000	0.000000	0.000000	
SPROHSA112358		0.000000	0.000000	0.000000	
SPROHSA171685		0.000000	0.000000	0.000000	
SPROHSA144247		0.000000	0.000000	0.000000	
SPROHSA121388		0.000000	0.000000	0.000000	
SPROHSA209006		0.000000	0.000000	0.000000	
SPROHSA266958		0.000000	0.000000	0.000000	
SPROHSA168434		0.000000	0.000000	0.000000	
SPROHSA90123		0.000000	0.000000	0.000000	
SPROHSA101352		0.000000	0.000000	0.000000	
SPROHSA284346		0.000000	0.000000	0.000000	
SPROHSA145607		0.000000	0.000000	0.000000	
SPROHSA386072		0.000000	0.000000	0.000000	
SPROHSA172254		0.000000	0.000000	0.000000	
SPROHSA309067		0.000000	0.000000	0.000000	
SPROHSA241214		0.000000	0.000000	0.000000	
SPROHSA180283		0.000000	0.000000	0.000000	
SPROHSA133625		0.000000	0.000000	0.000000	
SPROHSA6480		0.000000	0.000000	0.000000	
SPROHSA111968		0.000000	0.000000	0.000000	
SPROHSA171982		0.000000	0.000000	0.000000	
SPROHSA196834		0.000000	0.000000	0.000000	
SPROHSA138818		0.000000	0.000000	0.000000	
SPROHSA162000		0.000000	0.000000	0.000000	
SPROHSA103731		0.000000	0.000000	0.000000	
SPROHSA362077		0.000000	0.000000	0.000000	
SPROHSA213637		0.000000	0.000000	0.000000	
SPROHSA139164		0.000000	0.000000	0.000000	
SPROHSA54330		0.000000	0.000000	0.000000	
SPROHSA134880		0.000000	0.000000	0.000000	
SPROHSA107187		0.000000	0.000000	0.000000	
SPROHSA123191		0.000000	0.000000	0.000000	
SPROHSA221051		0.000000	0.000000	0.000000	
SPROHSA149364		0.000000	0.000000	0.000000	
SPROHSA103613		0.000000	0.000000	0.000000	
SPROHSA113217		0.000000	0.000000	0.000000	
SPROHSA116946		0.000000	0.000000	0.000000	
SPROHSA127092		0.000000	0.000000	0.000000	
SPROHSA130319		0.000000	0.000000	0.000000	
SPROHSA190656		0.000000	0.000000	0.000000	
