PROTID	GENEID	PROTLEN	GRLCL_1D_ETHCD_SPC	GRLCL_1D_HCD_SPC	GRLCL_2D_ETHCD_SPC	
na	na	na	GRLCL_1D	GRLCL_1D	GRLCL_2D	
P02666	CSN2	224	2	2	0	
P02769	ALB	607	1	2	34	
A0A075B6Q5	IGHV3-64	118	0	1	1	
A0A087WSY6	IGKV3D-15	115	2	2	2	
A0A1W2PQ73	ERFL	354	1	0	0	
A0A3B3IRV3	MCTS2	181	1	2	3	
A0A8I5KQE6	RPSA2	295	2	2	34	
A0AV96	RBM47	593	0	1	3	
A0AVT1	UBA6	1052	1	1	1	
A1L0T0	HACL2	632	0	1	1	
A2RUB6	CCDC66	948	0	0	2	
A2RUS2	DENND3	1198	0	1	1	
A2VDF0	FUOM	154	2	1	0	
A3KN83	SBNO1	1393	0	0	7	
A5YKK6	CNOT1	2376	1	8	6	
A6NED2	RCCD1	376	1	1	2	
A6NHR9	SMCHD1	2005	1	0	6	
A6NHT5	HMX3	357	1	1	2	
A7E2V4	ZSWIM8	1837	2	2	0	
A8K8P3	SFI1	1242	0	0	2	
A8MXV4	NUDT19	375	1	1	2	
A8MYP8	CIMAP1B	253	0	0	2	
B0I1T2	MYO1G	1018	2	4	6	
B2RPK0	HMGB1P1	211	1	3	23	
B2RXH8	HNRNPCL2	293	0	2	0	
B5ME19	EIF3CL	914	1	8	15	
C4AMC7	WASH3P	463	1	2	3	
C9J798	RASA4B	803	0	0	3	
O00139	KIF2A	706	0	1	2	
O00148	DDX39A	427	1	1	2	
O00159	MYO1C	1063	1	2	0	
O00165	HAX1	279	1	3	4	
O00170	AIP	330	2	2	4	
O00182	LGALS9	355	1	4	5	
O00214	LGALS8	317	0	0	5	
O00221	NFKBIE	500	3	2	0	
O00231	PSMD11	422	0	0	5	
O00244	ATOX1	68	4	2	1	
O00255	MEN1	610	0	1	2	
O00264	PGRMC1	195	0	1	2	
O00267	SUPT5H	1087	1	3	1	
O00329	PIK3CD	1044	0	2	1	
O00410	IPO5	1097	1	0	1	
O00418	EEF2K	725	1	1	2	
O00422	SAP18	153	0	2	5	
O00429	DNM1L	736	1	2	6	
O00462	MANBA	879	0	0	2	
O00468	AGRN	2068	0	0	3	
O00478	BTN3A3	584	0	1	4	
O00483	COXFA4	81	0	2	1	
O00487	PSMD14	310	2	3	5	
O00505	KPNA3	521	1	2	3	
O00566	MPHOSPH10	681	0	0	3	
O00571	DDX3X	662	0	1	10	
O00584	RNASET2	256	0	1	2	
O00626	CCL22	93	1	6	4	
O00754	MAN2B1	1011	2	7	2	
O00767	SCD	359	2	4	9	
O14497	ARID1A	2285	0	0	6	
O14524	NEMP1	444	0	2	1	
O14578	CIT	2027	1	2	1	
O14646	CHD1	1710	0	1	2	
O14672	ADAM10	748	0	0	6	
O14730	RIOK3	519	1	1	2	
O14773	TPP1	563	0	1	1	
O14788	TNFSF11	317	0	0	3	
O14791	APOL1	398	0	1	1	
O14817	TSPAN4	238	0	0	3	
O14836	TNFRSF13B	293	2	2	2	
O14880	MGST3	152	1	2	2	
O14920	IKBKB	756	1	1	2	
O14925	TIMM23	209	3	9	10	
O14929	HAT1	419	1	4	4	
O14949	UQCRQ	82	0	2	6	
O14964	HGS	777	0	0	2	
O14965	AURKA	403	0	1	2	
O14979	HNRNPDL	420	0	1	2	
O14980	XPO1	1071	0	3	1	
O15027	SEC16A	2357	0	2	3	
O15031	PLXNB2	1838	0	0	3	
O15040	TECPR2	1411	0	1	3	
O15042	U2SURP	1029	3	4	6	
O15050	TRANK1	2925	1	2	0	
O15055	PER2	1255	0	0	2	
O15067	PFAS	1338	0	0	1	
O15143	ARPC1B	372	0	1	2	
O15145	ARPC3	178	0	3	0	
O15160	POLR1C	346	1	3	0	
O15195	VILL	856	0	0	2	
O15212	PFDN6	129	3	4	3	
O15213	WDR46	610	3	2	3	
O15234	CASC3	703	1	1	4	
O15235	MRPS12	138	0	1	2	
O15239	NDUFA1	70	2	4	18	
O15254	ACOX3	700	0	0	2	
O15270	SPTLC2	562	0	2	3	
O15294	OGT	1046	0	4	0	
O15304	SIVA1	175	1	0	2	
O15355	PPM1G	546	1	1	1	
O15360	FANCA	1455	0	1	1	
O15370	SOX12	315	1	1	6	
O15371	EIF3D	548	0	2	0	
O15381	NVL	856	1	0	2	
O15389	SIGLEC5	551	0	1	3	
O15397	IPO8	1037	0	4	2	
O15427	SLC16A3	465	2	2	0	
O15439	ABCC4	1325	1	2	2	
O15511	ARPC5	151	3	2	3	
O15519	CFLAR	480	0	1	3	
O15525	MAFG	162	0	1	2	
O15533	TAPBP	448	1	0	2	
O15534	PER1	1290	0	2	1	
O43143	DHX15	795	3	4	9	
O43148	RNMT	476	0	2	0	
O43156	TTI1	1089	3	2	0	
O43166	SIPA1L1	1804	1	3	5	
O43175	PHGDH	533	0	1	2	
O43187	IRAK2	625	1	1	1	
O43196	MSH5	834	0	1	2	
O43242	PSMD3	534	0	2	1	
O43290	SART1	800	0	1	1	
O43299	AP5Z1	807	0	2	3	
O43303	CCP110	1012	0	0	1	
O43318	MAP3K7	606	1	1	2	
O43325	LYRM1	122	2	2	2	
O43399	TPD52L2	206	1	1	5	
O43426	SYNJ1	1573	0	1	2	
O43432	EIF4G3	1585	6	4	8	
O43516	WIPF1	503	0	2	2	
O43542	XRCC3	346	0	1	2	
O43592	XPOT	962	0	0	2	
O43598	DNPH1	174	0	1	2	
O43660	PLRG1	514	2	3	3	
O43665	RGS10	181	1	3	0	
O43670	ZNF207	478	0	1	2	
O43674	NDUFB5	189	0	2	3	
O43681	GET3	348	0	1	3	
O43683	BUB1	1085	1	1	1	
O43684	BUB3	328	0	6	3	
O43716	GATC	136	0	0	2	
O43734	TRAF3IP2	574	2	4	11	
O43760	SYNGR2	224	0	2	6	
O43776	NARS1	548	1	2	2	
O43808	SLC25A17	307	0	1	3	
O43847	NRDC	1151	0	4	5	
O43920	NDUFS5	106	3	8	1	
O43924	PDE6D	150	1	1	1	
O60229	KALRN	2986	0	1	2	
O60231	DHX16	1041	1	3	5	
O60264	SMARCA5	1052	1	3	9	
O60266	ADCY3	1144	2	2	8	
O60281	ZNF292	2723	0	0	3	
O60287	URB1	2271	0	0	5	
O60291	MGRN1	552	0	1	1	
O60306	AQR	1485	0	7	9	
O60313	OPA1	960	1	2	3	
O60331	PIP5K1C	668	0	1	3	
O60337	MARCHF6	910	1	4	2	
O60341	KDM1A	852	0	1	4	
O60343	TBC1D4	1298	0	1	2	
O60443	GSDME	496	0	3	2	
O60449	LY75	1722	0	3	5	
O60488	ACSL4	711	6	8	25	
O60493	SNX3	162	2	1	2	
O60502	OGA	916	1	2	3	
O60506	SYNCRIP	623	4	8	3	
O60518	RANBP6	1105	3	2	1	
O60563	CCNT1	726	0	2	1	
O60566	BUB1B	1050	1	2	1	
O60568	PLOD3	738	0	1	1	
O60610	DIAPH1	1272	0	2	2	
O60667	FCMR	390	3	1	4	
O60671	RAD1	282	1	1	1	
O60674	JAK2	1132	0	3	1	
O60675	MAFK	156	0	1	1	
O60682	MSC	206	1	1	3	
O60701	UGDH	494	0	0	2	
O60711	LPXN	386	5	5	2	
O60749	SNX2	519	0	1	2	
O60762	DPM1	260	2	1	2	
O60763	USO1	962	1	1	1	
O60814	H2BC12	126	4	8	12	
O60830	TIMM17B	172	0	1	2	
O60869	EDF1	148	1	1	2	
O60870	KIN	393	1	2	1	
O75081	CBFA2T3	653	0	0	2	
O75083	WDR1	606	0	1	4	
O75113	N4BP1	896	0	1	2	
O75122	CLASP2	1294	0	1	2	
O75140	DEPDC5	1603	0	0	2	
O75161	NPHP4	1426	0	0	2	
O75164	KDM4A	1064	1	2	0	
O75165	DNAJC13	2243	0	1	1	
O75179	ANKRD17	2603	1	2	6	
O75319	DUSP11	330	1	3	2	
O75326	SEMA7A	666	4	8	9	
O75340	PDCD6	191	0	2	2	
O75376	NCOR1	2440	1	5	9	
O75400	PRPF40A	957	1	2	4	
O75419	CDC45	566	0	1	2	
O75420	GIGYF1	1035	1	1	3	
O75431	MTX2	263	0	1	1	
O75467	ZNF324	553	0	1	2	
O75475	PSIP1	530	0	1	6	
O75494	SRSF10	262	0	4	1	
O75521	ECI2	394	0	0	2	
O75530	EED	441	0	5	4	
O75531	BANF1	89	2	2	0	
O75533	SF3B1	1304	0	2	7	
O75534	CSDE1	798	2	4	6	
O75592	MYCBP2	4678	0	1	1	
O75626	PRDM1	825	0	2	3	
O75643	SNRNP200	2136	3	5	14	
O75648	TRMU	421	0	0	2	
O75665	OFD1	1012	0	2	3	
O75689	ADAP1	374	0	0	2	
O75716	STK16	305	0	0	2	
O75717	WDHD1	1129	1	3	2	
O75787	ATP6AP2	350	0	1	5	
O75794	CDC123	336	0	8	1	
O75815	BCAR3	825	0	0	2	
O75821	EIF3G	320	0	1	2	
O75844	ZMPSTE24	475	0	1	1	
O75845	SC5D	299	0	4	0	
O75925	PIAS1	651	0	1	2	
O75995	SASH3	380	0	4	6	
O76021	RSL1D1	490	0	2	1	
O76094	SRP72	671	0	1	11	
O94776	MTA2	668	0	3	2	
O94804	STK10	968	2	3	5	
O94832	MYO1D	1006	0	1	3	
O94842	TOX4	621	0	0	2	
O94855	SEC24D	1032	0	0	2	
O94864	SUPT7L	414	0	2	3	
O94868	FCHSD2	740	0	3	2	
O94888	UBXN7	489	0	2	2	
O94900	TOX	526	0	0	4	
O94901	SUN1	785	0	0	2	
O94903	PLPBP	275	1	2	1	
O94906	PRPF6	941	2	5	4	
O94913	PCF11	1555	0	2	1	
O94915	FRYL	3013	0	1	3	
O94952	FBXO21	628	1	1	1	
O94953	KDM4B	1096	6	10	20	
O94966	USP19	1318	0	2	1	
O94979	SEC31A	1220	0	2	2	
O95071	UBR5	2799	0	5	4	
O95140	MFN2	757	1	2	0	
O95149	SNUPN	360	0	0	2	
O95163	ELP1	1332	0	1	3	
O95168	NDUFB4	129	1	2	2	
O95219	SNX4	450	0	3	4	
O95232	LUC7L3	432	0	1	2	
O95235	KIF20A	890	1	2	1	
O95248	SBF1	1868	0	3	2	
O95271	TNKS	1327	0	0	5	
O95273	CCNDBP1	360	0	1	1	
O95295	SNAPIN	136	0	1	2	
O95298	NDUFC2	119	1	1	1	
O95319	CELF2	508	0	2	2	
O95365	ZBTB7A	584	0	0	2	
O95373	IPO7	1038	0	2	2	
O95453	PARN	639	1	4	3	
O95456	PSMG1	288	2	2	2	
O95466	FMNL1	1100	1	4	2	
O95470	SGPL1	568	0	0	3	
O95478	NSA2	260	0	1	6	
O95486	SEC24A	1093	1	2	3	
O95503	CBX6	412	0	2	2	
O95562	SFT2D2	160	0	0	2	
O95563	MPC2	127	1	2	2	
O95573	ACSL3	720	0	2	2	
O95602	POLR1A	1720	1	2	0	
O95619	YEATS4	227	0	1	2	
O95644	NFATC1	943	0	1	3	
O95671	ASMTL	621	0	2	0	
O95711	LY86	162	0	2	1	
O95714	HERC2	4834	0	3	2	
O95758	PTBP3	552	2	3	4	
O95785	WIZ	1651	2	2	1	
O95786	RIGI	925	0	2	2	
O95793	STAU1	577	1	2	3	
O95801	TTC4	387	1	1	3	
O95831	AIFM1	613	1	3	4	
O95905	ECD	644	0	3	2	
O95983	MBD3	291	1	0	3	
O95997	PTTG1	202	1	3	4	
O96006	ZBED1	694	3	2	0	
O96009	NAPSA	420	1	3	0	
P00338	LDHA	332	1	5	4	
P00374	DHFR	187	0	2	0	
P00403	MT-CO2	227	4	4	2	
P00491	PNP	289	1	3	4	
P00558	PGK1	417	4	4	0	
P00966	ASS1	412	0	1	1	
P00973	OAS1	400	4	11	7	
P01033	TIMP1	207	0	1	1	
P01106	MYC	454	3	4	18	
P01130	LDLR	860	0	1	2	
P01137	TGFB1	390	0	3	0	
P01374	LTA	205	1	2	2	
P01591	JCHAIN	159	2	3	5	
P01834	IGKC	107	2	7	1	
P01857	IGHG1	399	3	4	4	
P01889	HLA-B	362	6	22	24	
P01903	HLA-DRA	254	5	4	4	
P02545	LMNA	664	0	1	4	
P02686	MBP	304	0	1	2	
P02768	ALB	609	1	3	0	
P02786	TFRC	760	1	3	2	
P02792	FTL	175	0	1	3	
P02810	PRH1	166	0	0	3	
P02812	PRB2	416	0	0	2	
P03928	MT-ATP8	68	0	1	1	
P04035	HMGCR	888	0	3	3	
P04066	FUCA1	466	0	2	1	
P04080	CSTB	98	0	1	1	
P04114	APOB	4563	0	0	1	
P04183	TK1	234	1	1	5	
P04233	CD74	296	1	13	6	
P04406	GAPDH	335	7	7	7	
P04439	HLA-A	365	2	10	4	
P04440	HLA-DPB1	258	0	5	2	
P04632	CAPNS1	268	0	3	2	
P04637	TP53	393	2	7	4	
P04792	HSPB1	205	0	1	1	
P04818	TYMS	313	2	7	10	
P04844	RPN2	631	3	4	4	
P04908	H2AC4	130	0	3	5	
P05023	ATP1A1	1023	3	3	7	
P05107	ITGB2	769	0	2	6	
P05109	S100A8	93	4	8	0	
P05161	ISG15	165	1	3	3	
P05362	ICAM1	532	2	3	3	
P05387	RPLP2	115	0	3	0	
P05771	PRKCB	671	0	0	3	
P06239	LCK	509	1	3	0	
P06400	RB1	928	0	2	2	
P06493	CDK1	297	1	2	1	
P06702	S100A9	114	0	1	3	
P06733	ENO1	434	1	0	3	
P06734	FCER2	321	0	1	2	
P06748	NPM1	294	0	1	4	
P06756	ITGAV	1048	0	0	2	
P06865	HEXA	529	1	1	1	
P07195	LDHB	334	0	3	3	
P07339	CTSD	412	0	3	0	
P07355	ANXA2	339	0	3	4	
P07437	TUBB	444	1	9	4	
P07814	EPRS1	1512	5	6	6	
P07900	HSP90AA1	732	1	5	1	
P07948	LYN	512	4	7	4	
P07954	FH	510	0	1	1	
P07992	ERCC1	297	0	1	2	
P08133	ANXA6	673	1	1	1	
P08237	PFKM	780	0	1	0	
P08238	HSP90AB1	724	1	12	26	
P08567	PLEK	350	0	1	2	
P08574	CYC1	325	0	1	2	
P08575	PTPRC	1306	0	0	2	
P08670	VIM	466	2	4	13	
P08708	RPS17	135	9	20	7	
P09086	POU2F2	479	0	1	1	
P09211	GSTP1	210	0	2	4	
P09488	GSTM1	218	0	1	5	
P09543	CNP	421	0	1	4	
P09651	HNRNPA1	372	2	3	10	
P09661	SNRPA1	255	0	1	2	
P09669	COX6C	75	2	4	3	
P09874	PARP1	1014	2	4	3	
P09884	POLA1	1462	1	1	2	
P09912	IFI6	130	0	5	3	
P09913	IFIT2	472	1	2	1	
P09914	IFIT1	478	1	1	3	
P09936	UCHL1	223	0	0	2	
P09958	FURIN	794	0	0	3	
P0C0S5	H2AZ1	128	3	5	3	
P0C1Z6	TFPT	253	0	2	2	
P0C7P4	UQCRFS1P1	283	0	1	2	
P0CG22	DHRS4L1	281	0	0	2	
P0DPI2	GATD3	268	0	1	2	
P10155	RO60	538	1	1	2	
P10176	COX8A	69	0	1	4	
P10242	MYB	640	1	1	2	
P10321	HLA-C	366	4	15	17	
P10398	ARAF	606	0	0	2	
P10412	H1-4	219	2	2	14	
P10619	CTSA	480	1	1	3	
P10644	PRKAR1A	381	1	5	8	
P10809	HSPD1	573	4	9	9	
P11021	HSPA5	654	2	1	2	
P11142	HSPA8	646	3	6	8	
P11171	EPB41	864	0	1	4	
P11279	LAMP1	417	0	0	5	
P11309	PIM1	313	0	2	1	
P11310	ACADM	421	0	2	2	
P11387	TOP1	765	0	1	4	
P11388	TOP2A	1531	0	12	1	
P11413	G6PD	515	0	1	3	
P11586	MTHFD1	935	0	1	3	
P11717	IGF2R	2491	1	2	5	
P11836	MS4A1	297	0	5	2	
P11926	ODC1	461	1	2	5	
P11940	PABPC1	636	0	1	2	
P12004	PCNA	261	5	8	20	
P12074	COX6A1	109	2	5	1	
P12081	HARS1	509	0	1	2	
P12268	IMPDH2	514	0	2	5	
P12270	TPR	2363	0	0	3	
P12755	SKI	728	1	1	2	
P12931	SRC	536	1	3	2	
P12956	XRCC6	609	0	3	2	
P13010	XRCC5	732	2	9	14	
P13051	UNG	313	0	1	4	
P13073	COX4I1	169	1	3	4	
P13164	IFITM1	125	0	1	0	
P13196	ALAS1	640	0	0	5	
P13639	EEF2	858	6	11	20	
P13667	PDIA4	645	0	17	8	
P13693	TPT1	172	1	3	7	
P13747	HLA-E	358	0	1	1	
P13796	LCP1	627	0	1	3	
P13798	APEH	732	2	1	1	
P13804	ETFA	333	1	3	2	
P13807	GYS1	737	1	2	3	
P13984	GTF2F2	249	0	2	2	
P13995	MTHFD2	350	0	1	5	
P14174	MIF	115	0	4	1	
P14316	IRF2	349	0	0	3	
P14317	HCLS1	486	0	2	9	
P14324	FDPS	419	0	5	4	
P14543	NID1	1247	0	1	1	
P14598	NCF1	390	1	4	4	
P14618	PKM	531	0	8	2	
P14635	CCNB1	433	1	0	2	
P14784	IL2RB	551	0	2	0	
P14854	COX6B1	86	0	0	2	
P14866	HNRNPL	589	3	4	10	
P14921	ETS1	441	1	3	2	
P15104	GLUL	373	1	2	3	
P15170	GSPT1	499	2	2	1	
P15311	EZR	586	1	0	3	
P15391	CD19	556	0	0	2	
P15559	NQO1	274	1	2	5	
P15880	RPS2	293	1	2	3	
P15907	ST6GAL1	406	1	1	3	
P15927	RPA2	270	1	2	2	
P15954	COX7C	63	0	2	0	
P16885	PLCG2	1265	1	5	10	
P17028	ZNF24	368	0	2	1	
P17275	JUNB	347	0	2	1	
P17405	SMPD1	631	2	2	0	
P17480	UBTF	764	3	6	4	
P17612	PRKACA	351	1	1	3	
P17707	AMD1	334	0	2	0	
P17844	DDX5	614	1	5	10	
P17927	CR1	2039	0	1	1	
P17931	LGALS3	250	1	3	6	
P17980	PSMC3	439	1	2	4	
P17987	TCP1	556	1	5	2	
P18074	ERCC2	760	0	1	5	
P18077	RPL35A	110	0	3	0	
P18085	ARF4	180	1	3	0	
P18124	RPL7	248	1	5	2	
P18583	SON	2426	2	7	16	
P18621	RPL17	184	0	0	3	
P18627	LAG3	525	1	2	4	
P18850	ATF6	670	0	3	2	
P18858	LIG1	919	1	0	2	
P18887	XRCC1	633	0	1	2	
P19338	NCL	710	2	3	1	
P19387	POLR2C	275	1	3	1	
P19388	POLR2E	210	0	2	1	
P19404	NDUFV2	249	0	1	2	
P19447	ERCC3	782	0	1	2	
P19474	TRIM21	475	0	1	4	
P19525	EIF2AK2	551	2	2	5	
P19623	SRM	302	0	2	1	
P19838	NFKB1	968	1	3	4	
P20036	HLA-DPA1	260	0	3	0	
P20073	ANXA7	488	0	3	3	
P20226	TBP	339	1	1	2	
P20290	BTF3	206	0	0	2	
P20585	MSH3	1137	0	2	1	
P20591	MX1	662	0	3	5	
P20592	MX2	715	2	4	1	
P20618	PSMB1	241	1	10	0	
P20701	ITGAL	1170	0	3	3	
P20930	FLG	4061	4	13	0	
P21127	CDK11B	795	1	2	1	
P21333	FLNA	2647	0	3	11	
P21359	NF1	2839	0	1	1	
P22059	OSBP	807	1	2	5	
P22087	FBL	321	1	2	6	
P22102	GART	1010	0	1	1	
P22234	PAICS	425	0	1	3	
P22307	SCP2	547	2	4	4	
P22314	UBA1	1058	1	2	5	
P22626	HNRNPA2B1	353	1	2	6	
P22794	EVI2A	236	1	0	6	
P23193	TCEA1	301	1	5	7	
P23246	SFPQ	707	0	2	4	
P23258	TUBG1	451	0	2	3	
P23381	WARS1	471	0	2	1	
P23396	RPS3	243	0	0	6	
P23443	RPS6KB1	525	1	4	2	
P23497	SP100	879	3	5	8	
P23528	CFL1	166	0	1	4	
P23588	EIF4B	611	0	1	3	
P23610	F8A1	371	1	1	1	
P23771	GATA3	443	0	1	3	
P23921	RRM1	792	0	6	9	
P24001	IL32	234	0	2	2	
P24390	KDELR1	212	2	2	2	
P24557	TBXAS1	533	0	3	0	
P24752	ACAT1	427	0	1	2	
P24928	POLR2A	1970	0	4	18	
P25054	APC	2843	0	0	4	
P25098	GRK2	689	2	2	4	
P25205	MCM3	808	0	2	3	
P25705	ATP5F1A	553	0	0	4	
P25786	PSMA1	263	1	2	1	
P25787	PSMA2	234	0	2	0	
P25963	NFKBIA	317	0	2	3	
P26010	ITGB7	798	6	10	11	
P26038	MSN	577	0	0	2	
P26196	DDX6	483	2	2	1	
P26358	DNMT1	1616	2	8	9	
P26368	U2AF2	475	0	1	2	
P26373	RPL13	211	10	11	66	
P26572	MGAT1	445	0	0	4	
P26599	PTBP1	557	4	5	10	
P26641	EEF1G	437	0	3	1	
P27144	AK4	223	1	1	2	
P27348	YWHAQ	245	0	2	0	
P27694	RPA1	616	0	1	2	
P27695	APEX1	318	4	6	5	
P27707	DCK	260	0	1	1	
P27708	CAD	2225	0	2	1	
P27816	MAP4	1152	2	5	5	
P27824	CANX	592	0	0	2	
P28062	PSMB8	276	7	11	13	
P28070	PSMB4	264	1	2	4	
P28072	PSMB6	239	0	2	0	
P28074	PSMB5	263	0	1	1	
P28340	POLD1	1107	4	6	2	
P28360	MSX1	303	0	0	2	
P29084	GTF2E2	291	0	2	7	
P29218	IMPA1	277	1	0	2	
P29375	KDM5A	1690	1	1	3	
P29401	TKT	623	1	2	3	
P29590	PML	882	1	3	4	
P29597	TYK2	1187	1	2	4	
P29728	OAS2	719	0	3	2	
P29966	MARCKS	332	1	2	9	
P30040	ERP29	261	0	3	0	
P30101	PDIA3	505	0	5	1	
P30153	PPP2R1A	589	0	2	2	
P30260	CDC27	824	1	0	1	
P30279	CCND2	289	4	5	6	
P30281	CCND3	292	0	4	3	
P30291	WEE1	646	0	2	5	
P30414	NKTR	1462	1	1	2	
P30566	ADSL	484	2	3	7	
P30793	GCH1	250	0	1	4	
P30876	POLR2B	1174	1	3	6	
P31146	CORO1A	461	0	0	2	
P31151	S100A7	101	2	3	0	
P31153	MAT2A	395	0	6	9	
P31321	PRKAR1B	381	0	0	2	
P31350	RRM2	389	2	5	8	
P31689	DNAJA1	397	0	2	1	
P31749	AKT1	480	0	0	2	
P31751	AKT2	481	1	3	3	
P31785	IL2RG	369	2	4	5	
P31943	HNRNPH1	449	0	2	0	
P31944	CASP14	242	2	3	0	
P31994	FCGR2B	310	2	3	3	
P32519	ELF1	619	0	5	2	
P32780	GTF2H1	548	0	0	2	
P32969	RPL9	192	0	0	3	
P32970	CD70	193	2	4	8	
P33076	CIITA	1130	0	5	3	
P33121	ACSL1	698	1	1	3	
P33240	CSTF2	577	1	2	5	
P33241	LSP1	339	0	1	2	
P33316	DUT	252	1	6	8	
P33552	CKS2	79	2	3	1	
P33897	ABCD1	745	0	3	2	
P33991	MCM4	863	1	4	8	
P33992	MCM5	734	3	5	9	
P33993	MCM7	719	2	6	2	
P34059	GALNS	522	1	1	2	
P34897	SHMT2	504	0	4	3	
P34932	HSPA4	840	0	5	7	
P35221	CTNNA1	906	1	3	2	
P35222	CTNNB1	781	3	2	7	
P35226	BMI1	326	0	1	2	
P35232	PHB1	272	0	1	1	
P35240	NF2	595	0	0	2	
P35249	RFC4	363	0	1	1	
P35251	RFC1	1148	0	1	2	
P35269	GTF2F1	517	0	2	5	
P35475	IDUA	653	1	1	0	
P35527	KRT9	623	1	3	7	
P35555	FBN1	2871	0	2	2	
P35573	AGL	1532	0	2	1	
P35579	MYH9	1960	4	14	13	
P35606	COPB2	906	0	2	5	
P35610	SOAT1	550	0	1	3	
P35658	NUP214	2090	1	2	2	
P35659	DEK	375	1	3	5	
P35790	CHKA	457	0	0	2	
P35813	PPM1A	382	0	1	2	
P36507	MAP2K2	400	0	2	3	
P36542	ATP5F1C	298	0	3	1	
P36543	ATP6V1E1	226	0	4	4	
P36578	RPL4	427	4	7	10	
P36873	PPP1CC	323	0	1	1	
P36897	TGFBR1	503	0	1	1	
P36956	SREBF1	1147	0	1	5	
P37108	SRP14	136	1	0	2	
P37268	FDFT1	417	2	5	6	
P37802	TAGLN2	199	1	2	2	
P38159	RBMX	391	0	0	4	
P38919	EIF4A3	411	0	2	2	
P39019	RPS19	145	3	4	3	
P39023	RPL3	403	0	2	3	
P39656	DDOST	456	0	0	3	
P40222	TXLNA	546	0	1	1	
P40227	CCT6A	531	1	8	0	
P40306	PSMB10	273	1	2	3	
P40337	VHL	213	0	1	4	
P40429	RPL13A	203	5	12	13	
P40763	STAT3	770	1	5	3	
P41091	EIF2S3	472	0	2	5	
P41212	ETV6	452	0	1	1	
P41218	MNDA	407	1	1	4	
P41226	UBA7	1012	1	2	2	
P41227	NAA10	235	0	0	5	
P41229	KDM5C	1560	0	0	2	
P41240	CSK	450	2	2	3	
P41250	GARS1	739	0	3	1	
P41252	IARS1	1262	0	6	4	
P42166	TMPO	694	1	4	4	
P42224	STAT1	750	2	8	7	
P42226	STAT6	847	0	1	1	
P42229	STAT5A	794	2	2	3	
P42285	MTREX	1042	0	0	4	
P42345	MTOR	2549	2	5	12	
P42566	EPS15	896	1	1	3	
P42574	CASP3	277	0	1	2	
P42694	HELZ	1942	0	0	2	
P42695	NCAPD3	1498	0	2	5	
P42704	LRPPRC	1394	0	2	4	
P42766	RPL35	123	0	4	2	
P42768	WAS	502	0	2	1	
P42785	PRCP	496	0	2	2	
P42858	HTT	3142	0	3	5	
P42892	ECE1	770	1	2	4	
P43243	MATR3	847	0	1	2	
P43246	MSH2	934	0	2	5	
P43490	NAMPT	491	0	0	2	
P43686	PSMC4	418	0	2	1	
P45844	ABCG1	678	1	1	1	
P45983	MAPK8	427	0	1	1	
P45984	MAPK9	424	1	2	2	
P46013	MKI67	3256	4	7	8	
P46060	RANGAP1	587	1	2	1	
P46087	NOP2	812	2	6	3	
P46092	CCR10	362	0	0	2	
P46100	ATRX	2492	0	2	3	
P46379	BAG6	1132	1	4	3	
P46776	RPL27A	148	2	2	3	
P46777	RPL5	297	0	1	1	
P46778	RPL21	160	3	2	9	
P46779	RPL28	137	4	9	11	
P46781	RPS9	194	3	7	14	
P46783	RPS10	165	0	8	6	
P46940	IQGAP1	1657	2	5	7	
P46977	STT3A	705	0	1	1	
P47897	QARS1	775	0	2	4	
P47914	RPL29	159	1	0	4	
P47974	ZFP36L2	494	1	8	3	
P48047	ATP5PO	213	5	13	7	
P48059	LIMS1	325	2	1	1	
P48200	IREB2	963	1	1	2	
P48201	ATP5MC3	142	0	1	3	
P48382	RFX5	616	0	1	2	
P48444	ARCN1	511	0	2	5	
P48449	LSS	732	0	3	2	
P48556	PSMD8	350	1	4	5	
P48637	GSS	474	0	1	2	
P48643	CCT5	541	1	1	5	
P48651	PTDSS1	473	1	2	2	
P48735	IDH2	452	1	2	2	
P49006	MARCKSL1	195	2	1	1	
P49069	CAMLG	296	0	1	3	
P49189	ALDH9A1	494	0	0	2	
P49207	RPL34	117	0	3	6	
P49257	LMAN1	510	0	0	2	
P49327	FASN	2511	4	11	19	
P49366	DHPS	369	1	2	1	
P49368	CCT3	545	1	2	8	
P49411	TUFM	455	0	1	2	
P49588	AARS1	968	1	0	5	
P49591	SARS1	514	0	2	2	
P49642	PRIM1	420	0	1	2	
P49643	PRIM2	509	0	3	1	
P49720	PSMB3	205	1	7	4	
P49736	MCM2	904	0	3	3	
P49748	ACADVL	655	0	2	1	
P49750	YLPM1	2146	1	3	3	
P49754	VPS41	854	1	2	1	
P49756	RBM25	843	0	0	7	
P49773	HINT1	126	5	4	3	
P49790	NUP153	1475	0	1	2	
P49792	RANBP2	3224	4	6	10	
P49815	TSC2	1807	0	3	4	
P49841	GSK3B	420	2	5	4	
P49842	WHR1	254	0	1	1	
P49902	NT5C2	561	0	0	2	
P49914	MTHFS	203	0	2	2	
P49915	GMPS	693	2	2	1	
P49961	ENTPD1	510	2	3	6	
P50238	CRIP1	77	11	8	19	
P50395	GDI2	445	0	1	3	
P50402	EMD	254	0	0	2	
P50416	CPT1A	773	0	3	3	
P50552	VASP	380	0	0	2	
P50570	DNM2	870	0	1	2	
P50613	CDK7	346	2	3	2	
P50748	KNTC1	2209	1	2	0	
P50750	CDK9	372	3	4	5	
P50851	LRBA	2863	0	6	9	
P50914	RPL14	215	0	0	3	
P50990	CCT8	548	3	10	13	
P50991	CCT4	539	0	0	4	
P50995	ANXA11	505	5	3	3	
P51003	PAPOLA	745	1	2	4	
P51114	FXR1	621	0	1	5	
P51149	RAB7A	207	0	3	0	
P51398	DAP3	398	0	1	1	
P51451	BLK	505	0	3	1	
P51530	DNA2	1060	2	1	3	
P51531	SMARCA2	1590	2	5	19	
P51587	BRCA2	3418	0	1	3	
P51659	HSD17B4	736	1	4	5	
P51665	PSMD7	324	2	2	0	
P51679	CCR4	360	1	0	2	
P51688	SGSH	502	0	2	0	
P51798	CLCN7	805	0	0	2	
P51825	AFF1	1210	0	2	2	
P51858	HDGF	240	0	0	3	
P51946	CCNH	323	0	0	3	
P51948	MNAT1	309	0	2	0	
P51965	UBE2E1	193	0	3	0	
P51970	NDUFA8	172	0	0	3	
P51991	HNRNPA3	378	1	1	2	
P52272	HNRNPM	730	0	6	12	
P52292	KPNA2	529	1	2	3	
P52333	JAK3	1124	1	1	1	
P52434	POLR2H	150	0	1	1	
P52566	ARHGDIB	201	0	0	2	
P52597	HNRNPF	415	4	4	6	
P52630	STAT2	851	0	5	4	
P52701	MSH6	1360	2	1	3	
P52948	NUP98	1817	1	4	4	
P53007	SLC25A1	311	0	2	4	
P53350	PLK1	603	5	4	11	
P53355	DAPK1	1430	1	1	1	
P53384	NUBP1	320	0	0	2	
P53396	ACLY	1101	0	1	6	
P53618	COPB1	953	1	2	3	
P53621	COPA	1224	1	2	4	
P53667	LIMK1	647	1	3	1	
P53680	AP2S1	142	1	2	1	
P53803	POLR2K	58	2	2	5	
P53990	IST1	364	0	3	2	
P53992	SEC24C	1094	1	2	2	
P53999	SUB1	127	2	2	2	
P54105	CLNS1A	237	0	1	2	
P54136	RARS1	660	1	4	5	
P54198	HIRA	1017	1	1	2	
P54252	ATXN3	361	0	1	1	
P54368	OAZ1	228	0	3	4	
P54577	YARS1	528	0	1	3	
P54886	ALDH18A1	795	1	1	1	
P54920	NAPA	295	0	1	5	
P55008	AIF1	147	0	0	2	
P55036	PSMD4	377	3	6	5	
P55061	TMBIM6	237	0	1	2	
P55072	VCP	806	1	3	7	
P55081	MFAP1	439	0	1	1	
P55084	HADHB	474	0	0	2	
P55199	ELL	621	2	2	4	
P55209	NAP1L1	391	2	1	2	
P55265	ADAR	1226	1	4	13	
P55327	TPD52	224	0	1	2	
P55786	NPEPPS	919	0	0	2	
P55789	GFER	205	0	1	2	
P55851	UCP2	309	0	2	0	
P56279	TCL1A	114	0	0	2	
P56378	ATP5MJ	58	3	5	1	
P56381	ATP5F1E	51	3	13	5	
P56385	ATP5ME	69	6	8	0	
P56556	NDUFA6	128	0	1	1	
P57059	SIK1	783	0	0	3	
P57076	CFAP298	290	1	2	3	
P57086	SCAND1	179	1	2	3	
P57737	CORO7	925	1	2	6	
P57764	GSDMD	484	0	1	2	
P58215	LOXL3	753	0	1	1	
P58546	MTPN	118	2	2	2	
P59998	ARPC4	168	1	3	0	
P60228	EIF3E	445	2	5	5	
P60510	PPP4C	307	0	3	0	
P60709	ACTB	375	6	9	21	
P60842	EIF4A1	406	0	9	10	
P60866	RPS20	119	2	1	0	
P61011	SRP54	504	0	2	1	
P61077	UBE2D3	147	2	5	1	
P61081	UBE2M	183	0	1	2	
P61158	ACTR3	418	2	5	4	
P61160	ACTR2	394	1	2	3	
P61218	POLR2F	127	0	0	2	
P61221	ABCE1	599	0	1	1	
P61247	RPS3A	264	3	2	5	
P61254	RPL26	145	0	1	5	
P61313	RPL15	204	1	4	18	
P61353	RPL27	136	0	2	6	
P61513	RPL37A	92	3	3	2	
P61599	NAA20	178	4	2	2	
P61604	HSPE1	102	2	4	2	
P61769	B2M	119	11	18	36	
P61927	RPL37	97	0	6	3	
P61962	DCAF7	342	2	2	4	
P61968	LMO4	165	4	6	19	
P61978	HNRNPK	463	3	2	12	
P62081	RPS7	194	2	3	2	
P62140	PPP1CB	327	3	4	1	
P62191	PSMC1	440	0	1	2	
P62244	RPS15A	130	2	2	3	
P62249	RPS16	146	4	8	10	
P62263	RPS14	151	0	1	1	
P62266	RPS23	143	2	4	14	
P62269	RPS18	152	0	4	2	
P62273	RPS29	56	13	14	26	
P62277	RPS13	151	0	1	5	
P62280	RPS11	158	4	20	23	
P62314	SNRPD1	119	3	5	3	
P62316	SNRPD2	118	1	1	3	
P62324	BTG1	171	0	2	1	
P62333	PSMC6	389	0	0	2	
P62341	SELENOT	195	0	1	2	
P62424	RPL7A	266	3	5	6	
P62487	POLR2G	172	0	1	3	
P62701	RPS4X	263	1	2	6	
P62750	RPL23A	156	3	4	6	
P62753	RPS6	249	0	7	9	
P62805	H4C1	103	7	11	8	
P62826	RAN	216	2	2	5	
P62829	RPL23	140	2	10	1	
P62841	RPS15	145	0	1	4	
P62851	RPS25	125	4	11	12	
P62854	RPS26	115	11	5	5	
P62857	RPS28	69	1	1	2	
P62861	FAU	133	3	18	25	
P62875	POLR2L	67	4	6	6	
P62888	RPL30	115	3	4	2	
P62891	RPL39	51	2	9	0	
P62899	RPL31	125	0	6	4	
P62906	RPL10A	217	1	5	10	
P62910	RPL32	135	3	3	2	
P62917	RPL8	257	4	7	19	
P62937	PPIA	165	0	1	2	
P62987	UBA52	128	5	9	15	
P62993	GRB2	217	2	3	13	
P63010	AP2B1	937	3	4	2	
P63173	RPL38	70	7	8	4	
P63218	GNG5	68	2	1	4	
P63220	RPS21	83	0	3	8	
P63241	EIF5A	154	1	2	1	
P63272	SUPT4H1	117	2	3	2	
P67809	YBX1	324	0	5	7	
P67812	SEC11A	179	0	1	1	
P67870	CSNK2B	215	2	2	11	
P68104	EEF1A1	462	7	12	26	
P68363	TUBA1B	451	6	14	13	
P68400	CSNK2A1	391	3	2	2	
P68431	H3C1	136	1	8	8	
P69849	NOMO3	1222	2	3	4	
P69905	HBA1	142	4	7	8	
P78332	RBM6	1123	0	0	2	
P78345	RPP38	283	0	2	1	
P78346	RPP30	268	1	2	1	
P78347	GTF2I	998	2	8	8	
P78527	PRKDC	4128	6	6	10	
P80217	IFI35	286	1	4	1	
P81605	DCD	110	5	10	16	
P82914	MRPS15	257	1	1	1	
P82921	MRPS21	87	0	0	3	
P82930	MRPS34	218	0	1	1	
P83111	LACTB	547	0	1	1	
P83731	RPL24	157	0	6	2	
P84090	ERH	104	5	6	14	
P84098	RPL19	196	2	3	7	
P84103	SRSF3	164	0	2	3	
P86790	CCZ1B	482	2	2	4	
P98161	PKD1	4303	0	1	0	
Q00325	SLC25A3	362	4	6	12	
Q00341	HDLBP	1268	1	1	9	
Q00532	CDKL1	357	0	1	1	
Q00537	CDK17	523	0	3	3	
Q00610	CLTC	1675	3	5	13	
Q00653	NFKB2	900	3	8	8	
Q00765	REEP5	189	0	0	4	
Q00796	SORD	357	0	4	5	
Q00839	HNRNPU	825	4	1	6	
Q01082	SPTBN1	2364	3	8	16	
Q01105	SET	290	0	2	7	
Q01130	SRSF2	221	2	2	5	
Q01432	AMPD3	767	2	2	3	
Q01433	AMPD2	825	0	2	1	
Q01543	FLI1	452	0	0	2	
Q01581	HMGCS1	520	1	5	5	
Q01780	EXOSC10	885	1	1	2	
Q01813	PFKP	784	2	4	6	
Q01844	EWSR1	656	1	1	2	
Q01850	CDR2	454	0	1	1	
Q02080	MEF2B	365	0	1	2	
Q02086	SP2	613	0	0	4	
Q02224	CENPE	2701	0	1	3	
Q02535	ID3	119	1	0	3	
Q02543	RPL18A	176	2	2	10	
Q02548	PAX5	391	0	0	2	
Q02556	IRF8	426	0	1	2	
Q02790	FKBP4	459	0	0	2	
Q02818	NUCB1	461	0	0	3	
Q02878	RPL6	288	3	4	13	
Q03001	DST	7570	0	2	3	
Q03164	KMT2A	3969	0	2	4	
Q03468	ERCC6	1493	0	0	4	
Q03518	TAP1	748	2	4	8	
Q03989	ARID5A	594	0	3	5	
Q04446	GBE1	702	1	3	2	
Q04637	EIF4G1	1599	0	7	6	
Q05048	CSTF1	431	1	2	3	
Q05195	MXD1	221	0	0	2	
Q05655	PRKCD	676	0	1	1	
Q05923	DUSP2	314	0	9	5	
Q06055	ATP5MC2	141	3	5	12	
Q06187	BTK	659	1	2	1	
Q06203	PPAT	517	1	3	2	
Q06210	GFPT1	699	3	3	8	
Q06265	EXOSC9	439	1	2	1	
Q06413	MEF2C	473	2	2	4	
Q06609	RAD51	339	2	1	6	
Q07020	RPL18	188	1	4	2	
Q07352	ZFP36L1	338	0	2	4	
Q07666	KHDRBS1	443	0	2	2	
Q07820	MCL1	350	1	4	4	
Q07864	POLE	2286	1	3	3	
Q07866	KLC1	573	0	2	0	
Q08116	RGS1	209	1	4	2	
Q08188	TGM3	693	0	2	0	
Q08211	DHX9	1270	6	16	12	
Q08334	IL10RB	325	0	0	2	
Q08378	GOLGA3	1498	0	1	3	
Q08945	SSRP1	709	3	4	8	
Q09472	EP300	2414	0	2	2	
Q0D2I5	IFFO1	559	0	3	0	
Q0P670	SPEM2	501	0	0	4	
Q0VDF9	HSPA14	509	0	2	4	
Q10570	CPSF1	1443	0	4	3	
Q10713	PMPCA	525	1	3	4	
Q11130	FUT7	342	0	1	3	
Q12769	NUP160	1436	2	3	12	
Q12770	SCAP	1279	0	1	1	
Q12772	SREBF2	1141	0	4	4	
Q12788	TBL3	808	1	7	11	
Q12789	GTF3C1	2109	3	3	5	
Q12796	PNRC1	327	1	1	2	
Q12802	AKAP13	2813	1	6	5	
Q12834	CDC20	499	2	1	2	
Q12882	DPYD	1025	2	2	3	
Q12888	TP53BP1	1972	0	1	4	
Q12905	ILF2	390	1	1	1	
Q12906	ILF3	894	0	0	4	
Q12907	LMAN2	356	0	2	1	
Q12912	IRAG2	555	0	1	3	
Q12931	TRAP1	704	0	1	2	
Q12965	MYO1E	1108	0	2	3	
Q12968	NFATC3	1075	0	1	1	
Q12979	ABR	859	0	0	2	
Q12980	NPRL3	569	0	2	2	
Q12983	BNIP3	194	0	2	1	
Q12996	CSTF3	717	0	1	3	
Q13042	CDC16	620	0	1	1	
Q13045	FLII	1269	4	3	6	
Q13077	TRAF1	416	7	11	6	
Q13094	LCP2	533	1	2	0	
Q13105	ZBTB17	803	0	0	5	
Q13107	USP4	963	2	4	2	
Q13111	CHAF1A	956	1	0	2	
Q13114	TRAF3	568	1	2	1	
Q13115	DUSP4	394	0	3	5	
Q13123	IK	557	0	3	1	
Q13144	EIF2B5	721	0	2	1	
Q13155	AIMP2	320	0	0	1	
Q13158	FADD	208	0	1	1	
Q13163	MAP2K5	448	1	2	2	
Q13190	STX5	355	0	0	2	
Q13200	PSMD2	908	7	15	15	
Q13217	DNAJC3	504	1	1	1	
Q13243	SRSF5	272	2	2	6	
Q13263	TRIM28	835	1	3	5	
Q13283	G3BP1	466	5	5	10	
Q13310	PABPC4	644	0	3	8	
Q13315	ATM	3056	0	1	1	
Q13342	SP140	867	1	2	0	
Q13347	EIF3I	325	0	1	2	
Q13356	PPIL2	520	2	4	3	
Q13418	ILK	452	1	3	4	
Q13422	IKZF1	519	1	1	3	
Q13435	SF3B2	895	1	3	8	
Q13438	OS9	667	0	5	5	
Q13464	ROCK1	1354	0	1	4	
Q13469	NFATC2	925	1	2	2	
Q13488	TCIRG1	830	0	1	1	
Q13505	MTX1	466	0	0	4	
Q13535	ATR	2644	1	2	2	
Q13547	HDAC1	482	1	1	2	
Q13568	IRF5	498	0	2	0	
Q13571	LAPTM5	262	0	2	1	
Q13573	SNW1	536	1	1	3	
Q13588	GRAP	217	2	2	2	
Q13596	SNX1	522	0	3	0	
Q13616	CUL1	776	0	1	4	
Q13618	CUL3	768	1	2	2	
Q13619	CUL4A	759	1	1	2	
Q13627	DYRK1A	763	0	1	1	
Q13635	PTCH1	1447	0	0	2	
Q13685	AAMP	434	1	2	5	
Q13724	MOGS	837	0	4	1	
Q13761	RUNX3	415	1	2	9	
Q13794	PMAIP1	54	1	7	17	
Q13867	BLMH	455	0	3	0	
Q13888	GTF2H2	395	0	4	6	
Q13905	RAPGEF1	1077	0	1	2	
Q13907	IDI1	227	0	2	3	
Q14005	IL16	1332	1	0	3	
Q14008	CKAP5	2032	0	2	0	
Q14094	CCNI	377	1	2	4	
Q14137	BOP1	746	1	4	9	
Q14142	TRIM14	442	1	3	3	
Q14145	KEAP1	624	0	1	1	
Q14146	URB2	1524	0	1	2	
Q14152	EIF3A	1382	1	3	7	
Q14155	ARHGEF7	803	1	1	5	
Q14156	EFR3A	821	3	3	7	
Q14157	UBAP2L	1087	1	1	3	
Q14160	SCRIB	1655	0	3	3	
Q14181	POLA2	598	1	1	1	
Q14186	TFDP1	410	0	1	3	
Q14191	WRN	1432	2	0	3	
Q14194	CRMP1	572	0	1	1	
Q14203	DCTN1	1278	0	1	3	
Q14204	DYNC1H1	4646	1	3	7	
Q14258	TRIM25	630	6	9	18	
Q14289	PTK2B	1009	1	3	3	
Q14296	FASTK	549	1	2	3	
Q14318	FKBP8	412	0	1	4	
Q14331	FRG1	258	0	1	5	
Q14444	CAPRIN1	709	0	2	2	
Q14457	BECN1	450	0	2	0	
Q14469	HES1	280	2	2	10	
Q14493	SLBP	270	0	0	3	
Q14494	NFE2L1	772	0	2	1	
Q14527	HLTF	1009	0	3	5	
Q14562	DHX8	1220	0	2	3	
Q14566	MCM6	821	1	4	5	
Q14582	MXD4	209	0	1	1	
Q14596	NBR1	966	1	1	4	
Q14643	ITPR1	2758	1	2	3	
Q14644	RASA3	834	0	5	0	
Q14653	IRF3	427	2	3	4	
Q14657	LAGE3	143	1	2	5	
Q14667	BLTP2	2235	0	1	4	
Q14669	TRIP12	2067	9	11	15	
Q14671	PUM1	1186	1	4	5	
Q14674	ESPL1	2120	1	3	6	
Q14680	MELK	651	0	2	6	
Q14683	SMC1A	1233	1	2	0	
Q14689	DIP2A	1571	0	2	2	
Q14690	PDCD11	1871	0	3	9	
Q14692	BMS1	1282	0	5	1	
Q14693	LPIN1	890	0	1	2	
Q14694	USP10	798	1	3	1	
Q14738	PPP2R5D	602	0	2	2	
Q14739	LBR	615	1	4	2	
Q14746	COG2	738	0	1	2	
Q14761	PTPRCAP	206	0	0	2	
Q14764	MVP	893	0	3	3	
Q14789	GOLGB1	3259	1	2	1	
Q147X3	NAA30	362	0	2	1	
Q14807	KIF22	665	1	2	6	
Q14839	CHD4	1912	1	7	17	
Q14847	LASP1	261	0	0	2	
Q14872	MTF1	753	0	1	2	
Q14966	ZNF638	1978	1	1	4	
Q14974	KPNB1	876	0	0	2	
Q14980	NUMA1	2115	1	2	2	
Q14997	PSME4	1843	0	3	1	
Q14999	CUL7	1698	1	1	1	
Q149N8	SHPRH	1683	0	1	2	
Q14CS0	UBXN2B	331	0	0	2	
Q15004	PCLAF	111	1	1	2	
Q15005	SPCS2	226	2	3	6	
Q15011	HERPUD1	391	0	1	2	
Q15014	MORF4L2	288	0	2	3	
Q15018	ABRAXAS2	415	0	1	2	
Q15019	SEPTIN2	361	3	6	10	
Q15021	NCAPD2	1401	2	4	5	
Q15022	SUZ12	739	1	4	7	
Q15024	EXOSC7	291	1	1	2	
Q15025	TNIP1	636	0	1	1	
Q15027	ACAP1	740	7	6	12	
Q15029	EFTUD2	972	2	3	8	
Q15036	SNX17	470	0	2	3	
Q15042	RAB3GAP1	981	0	0	5	
Q15046	KARS1	597	0	1	4	
Q15051	IQCB1	598	1	1	2	
Q15056	EIF4H	248	4	7	14	
Q15057	ACAP2	778	0	0	4	
Q15058	KIF14	1648	0	0	3	
Q15067	ACOX1	660	1	3	4	
Q15070	OXA1L	435	0	0	2	
Q15084	PDIA6	440	0	2	2	
Q15149	PLEC	4684	1	3	6	
Q15154	PCM1	2024	0	4	7	
Q15181	PPA1	289	0	1	2	
Q15208	STK38	465	1	1	2	
Q15233	NONO	471	1	6	9	
Q15306	IRF4	451	0	2	1	
Q15345	LRRC41	812	1	2	4	
Q15365	PCBP1	356	1	1	4	
Q15366	PCBP2	365	0	4	5	
Q15370	ELOB	118	1	1	3	
Q15393	SF3B3	1217	1	3	4	
Q15397	PUM3	648	0	0	2	
Q15418	RPS6KA1	735	0	0	2	
Q15424	SAFB	915	2	3	3	
Q15427	SF3B4	424	2	3	4	
Q15435	PPP1R7	360	0	3	2	
Q15436	SEC23A	765	0	2	0	
Q15437	SEC23B	767	1	4	8	
Q15459	SF3A1	793	1	2	3	
Q15477	SKIC2	1246	2	3	1	
Q15517	CDSN	529	0	3	0	
Q15544	TAF11	211	0	1	2	
Q15596	NCOA2	1464	0	0	10	
Q15637	SF1	639	2	4	6	
Q15642	TRIP10	601	0	1	3	
Q15646	OASL	514	1	2	4	
Q15653	NFKBIB	356	0	0	3	
Q15717	ELAVL1	326	0	2	3	
Q15751	HERC1	4861	0	4	4	
Q15762	CD226	336	1	0	4	
Q15773	MLF2	248	1	1	3	
Q15782	CHI3L2	390	1	2	5	
Q15785	TOMM34	309	0	0	2	
Q15834	CCDC85B	202	0	2	5	
Q15904	ATP6AP1	470	1	2	0	
Q15910	EZH2	746	1	1	2	
Q15916	ZBTB6	424	0	1	2	
Q16531	DDB1	1140	1	7	6	
Q16548	BCL2A1	175	0	3	1	
Q16549	PCSK7	785	1	2	6	
Q16633	POU2AF1	256	2	1	0	
Q16637	SMN1	294	0	1	2	
Q16658	FSCN1	493	1	1	3	
Q16659	MAPK6	721	0	1	1	
Q16665	HIF1A	826	1	3	9	
Q16666	IFI16	785	0	1	2	
Q16678	CYP1B1	543	2	2	1	
Q16690	DUSP5	384	0	1	2	
Q16719	KYNU	465	0	2	1	
Q16850	CYP51A1	509	0	3	4	
Q16854	DGUOK	277	0	0	2	
Q16891	IMMT	758	0	1	4	
Q17RS7	GEN1	908	0	0	3	
Q19AV6	ZSWIM7	140	0	2	5	
Q1ED39	KNOP1	458	0	1	2	
Q1KMD3	HNRNPUL2	747	0	2	2	
Q29980	MICB	383	2	3	2	
Q29RF7	PDS5A	1337	1	0	3	
Q2M1Z3	ARHGAP31	1444	0	1	3	
Q2M385	MPEG1	716	1	2	2	
Q2M389	WASHC4	1173	0	0	2	
Q2MV58	TCTN1	587	0	2	2	
Q2NL82	TSR1	804	1	6	10	
Q2QGD7	ZXDC	858	0	1	2	
Q2T9J0	TYSND1	566	0	1	2	
Q30154	HLA-DRB5	266	3	2	5	
Q32MZ4	LRRFIP1	808	0	0	2	
Q32NB8	PGS1	556	0	3	2	
Q32P41	TRMT5	509	0	0	2	
Q32P44	EML3	896	1	1	2	
Q38SD2	LRRK1	2015	0	0	2	
Q3B726	POLR1F	338	0	0	2	
Q3B7T1	EDRF1	1238	1	3	6	
Q3KQU3	MAP7D1	841	0	1	3	
Q3KRA9	ALKBH6	238	1	1	2	
Q3SXY8	ARL13B	428	1	1	1	
Q3T8J9	GON4L	2241	2	2	1	
Q3YBR2	TBRG1	411	0	0	2	
Q460N5	PARP14	1801	5	12	18	
Q49AG3	ZBED5	693	0	1	1	
Q49AN0	CRY2	593	0	2	2	
Q4ADV7	RIC1	1423	0	1	2	
Q4LE39	ARID4B	1312	0	2	4	
Q4VC44	FLYWCH1	716	2	3	3	
Q4ZIN3	TMEM259	620	0	1	3	
Q504T8	MIDN	468	3	5	4	
Q53EL6	PDCD4	469	1	1	6	
Q53G44	IFI44L	452	3	3	2	
Q53GL0	PLEKHO1	409	0	1	1	
Q53GL7	PARP10	1025	2	4	2	
Q53GS7	GLE1	698	1	4	5	
Q53H80	AKIRIN2	203	0	2	1	
Q53HL2	CDCA8	280	1	2	4	
Q562E7	WDR81	1941	0	1	2	
Q58A45	PAN3	887	0	1	2	
Q58WW2	DCAF6	860	0	0	3	
Q5BJF6	ODF2	829	0	1	2	
Q5BJH7	YIF1B	314	0	3	4	
Q5FWF4	ZRANB3	1079	2	2	0	
Q5GLZ8	HERC4	1057	1	2	5	
Q5H9S7	DCAF17	520	0	1	3	
Q5H9U9	DDX60L	1706	2	2	5	
Q5HYI8	RABL3	236	0	1	2	
Q5JSL3	DOCK11	2073	1	2	1	
Q5JSZ5	PRRC2B	2229	0	3	3	
Q5JTH9	RRP12	1297	0	3	1	
Q5JWF2	GNAS	1037	1	2	2	
Q5JXC2	MIIP	388	2	2	1	
Q5PSV4	BRMS1L	323	1	1	2	
Q5R372	RABGAP1L	815	1	2	2	
Q5RKV6	EXOSC6	272	0	0	2	
Q5SRE5	NUP188	1749	0	0	6	
Q5SW79	CEP170	1584	0	0	2	
Q5SW96	LDLRAP1	308	0	0	2	
Q5SWH9	TMEM69	247	0	2	0	
Q5SXM2	SNAPC4	1469	1	1	3	
Q5SY16	NOL9	702	0	0	3	
Q5T011	SZT2	3432	0	1	1	
Q5T1J5	CHCHD2P9	151	1	3	7	
Q5T200	ZC3H13	1668	0	0	2	
Q5T447	HECTD3	861	0	0	2	
Q5T4S7	UBR4	5183	1	1	6	
Q5T653	MRPL2	305	0	0	3	
Q5T6F2	UBAP2	1119	0	1	1	
Q5T890	ERCC6L2	1561	0	0	2	
Q5T8P6	RBM26	1007	0	1	1	
Q5T9S5	CCDC18	1454	0	0	2	
Q5TA45	INTS11	600	2	3	4	
Q5TAQ9	DCAF8	597	0	1	3	
Q5TC12	ATPAF1	328	0	0	2	
Q5TEC3	ZNF697	545	0	0	2	
Q5TEJ8	THEMIS2	643	0	2	4	
Q5TEU4	NDUFAF5	345	0	1	2	
Q5TGZ0	MICOS10	78	2	4	1	
Q5UE93	PIK3R6	754	0	2	2	
Q5UIP0	RIF1	2472	2	3	6	
Q5VSL9	STRIP1	837	0	2	3	
Q5VT06	CEP350	3117	1	3	2	
Q5VT52	RPRD2	1461	1	2	1	
Q5VUA4	ZNF318	2279	1	3	0	
Q5VV42	CDKAL1	579	0	0	2	
Q5VV67	PPRC1	1664	0	2	5	
Q5VVJ2	MYSM1	828	0	0	3	
Q5VWG9	TAF3	929	3	3	0	
Q5VWN6	TASOR2	2430	0	2	3	
Q5VY09	IER5	327	1	3	6	
Q5VYK3	ECPAS	1845	1	3	9	
Q5VYS8	TUT7	1495	0	2	3	
Q5VZ89	DENND4C	1909	0	2	4	
Q5VZL5	ZMYM4	1548	0	1	5	
Q5W0V3	FHIP2A	765	3	3	4	
Q5XPI4	RNF123	1314	2	2	1	
Q63HN8	RNF213	5207	1	11	11	
Q641Q2	WASHC2A	1341	2	1	2	
Q66K64	DCAF15	600	0	1	3	
Q68CP9	ARID2	1835	0	2	1	
Q68DK2	ZFYVE26	2539	0	0	2	
Q68E01	INTS3	1043	1	2	4	
Q69YQ0	SPECC1L	1117	4	5	5	
Q6AHZ1	ZNF518A	1483	1	4	0	
Q6AI12	ANKRD40	368	2	1	3	
Q6BDS2	BLTP3A	1440	1	2	2	
Q6DKI1	RPL7L1	255	1	4	4	
Q6DN90	IQSEC1	963	0	2	2	
Q6I9Y2	THOC7	204	1	1	6	
Q6IA69	NADSYN1	706	2	2	0	
Q6IA86	ELP2	826	1	3	2	
Q6IPR3	TYW3	259	0	0	2	
Q6IQ21	ZNF770	691	0	1	3	
Q6KC79	NIPBL	2804	0	2	6	
Q6N021	TET2	2002	0	0	3	
Q6NSI4	RADX	855	0	1	2	
Q6NTF7	APOBEC3H	200	0	0	2	
Q6NUN9	ZNF746	644	0	1	2	
Q6NUQ1	RINT1	792	2	1	4	
Q6NUQ4	TMEM214	689	2	4	1	
Q6NUS6	TCTN3	607	0	1	2	
Q6NUT3	MFSD12	480	1	2	3	
Q6NW34	RMP64	567	1	1	2	
Q6NX49	ZNF544	715	1	1	3	
Q6NXE6	ARMC6	501	0	1	1	
Q6NZ67	MZT2B	158	1	2	2	
Q6P1Q9	METTL2B	378	0	1	2	
Q6P2E9	EDC4	1401	0	0	3	
Q6P2I3	FAHD2B	314	1	1	3	
Q6P2Q9	PRPF8	2335	9	18	14	
Q6P3X3	TTC27	843	0	2	0	
Q6P4F7	ARHGAP11A	1023	0	0	2	
Q6P5R6	RPL22L1	122	6	7	11	
Q6P6C2	ALKBH5	394	0	3	4	
Q6P9B9	INTS5	1019	1	3	2	
Q6P9G4	TMEM154	183	0	2	0	
Q6PCB5	RSBN1L	846	0	0	5	
Q6PD62	CTR9	1173	1	1	1	
Q6PFW1	PPIP5K1	1433	0	2	4	
Q6PGP7	SKIC3	1564	0	0	2	
Q6PI98	INO80C	192	1	0	3	
Q6PJG2	MIDEAS	1045	1	2	1	
Q6PJG6	BRAT1	821	0	0	4	
Q6PKC3	TXNDC11	985	3	4	3	
Q6PKG0	LARP1	1096	0	1	1	
Q6RFH5	WDR74	385	2	1	3	
Q6UUV7	CRTC3	619	0	1	1	
Q6UX04	CWC27	472	0	0	2	
Q6UX40	TMEM107	140	1	1	1	
Q6VMQ6	ATF7IP	1270	3	3	2	
Q6VN20	RANBP10	620	0	1	2	
Q6VY07	PACS1	963	1	4	5	
Q6W2J9	BCOR	1755	1	0	5	
Q6WKZ4	RAB11FIP1	1283	0	1	6	
Q6XZF7	DNMBP	1577	1	1	7	
Q6Y7W6	GIGYF2	1299	0	1	1	
Q6YHU6	THADA	1953	0	1	1	
Q6ZMG9	CERS6	384	0	2	2	
Q6ZMI0	PPP1R21	780	0	1	2	
Q6ZMZ3	SYNE3	975	1	0	2	
Q6ZRI6	C15orf39	1047	2	5	5	
Q6ZS81	WDFY4	3184	1	5	7	
Q6ZT12	UBR3	1888	0	3	0	
Q6ZT21	TMPPE	453	0	0	4	
Q6ZU65	UBN2	1347	0	0	2	
Q6ZUJ8	PIK3AP1	805	0	2	2	
Q6ZV73	FGD6	1430	0	1	3	
Q6ZW49	PAXIP1	1069	0	3	4	
Q70SY1	CREB3L2	520	0	1	3	
Q719H9	KCTD1	257	1	1	2	
Q71RC2	LARP4	724	0	2	1	
Q71SY5	MED25	747	0	3	1	
Q71UM5	RPS27L	84	0	2	9	
Q75QN2	INTS8	995	0	1	3	
Q76N32	CEP68	757	1	0	2	
Q7KZ85	SUPT6H	1726	2	3	0	
Q7KZF4	SND1	910	4	3	5	
Q7L0R7	RNF44	432	0	1	2	
Q7L0Y3	TRMT10C	403	0	1	1	
Q7L1Q6	BZW1	419	6	7	7	
Q7L273	KCTD9	389	0	1	3	
Q7L523	RRAGA	313	1	1	2	
Q7L576	CYFIP1	1253	0	5	13	
Q7L590	MCM10	875	0	0	4	
Q7L5N1	COPS6	327	2	3	8	
Q7L8W6	DPH6	267	0	2	0	
Q7LBC6	KDM3B	1761	5	4	7	
Q7RTP6	MICAL3	2002	0	0	3	
Q7RTS9	DYM	669	0	1	3	
Q7Z2Z1	TICRR	1910	0	1	1	
Q7Z392	TRAPPC11	1133	0	1	3	
Q7Z3F1	GPR155	870	0	0	2	
Q7Z3J2	VPS35L	963	0	1	1	
Q7Z3K3	POGZ	1410	0	2	2	
Q7Z3U7	MON2	1717	1	1	2	
Q7Z401	DENND4A	1863	1	2	1	
Q7Z403	TMC6	805	1	1	2	
Q7Z4H7	HAUS6	955	0	2	2	
Q7Z4L5	TTC21B	1316	0	0	2	
Q7Z4R8	C6orf120	191	0	1	2	
Q7Z591	AKNA	1439	0	0	4	
Q7Z5G4	GOLGA7	137	0	2	0	
Q7Z5J4	RAI1	1906	0	2	0	
Q7Z5K2	WAPL	1190	0	0	2	
Q7Z5L9	IRF2BP2	587	0	3	2	
Q7Z628	NET1	596	1	4	1	
Q7Z6A9	BTLA	289	0	2	2	
Q7Z6E9	RBBP6	1792	0	3	3	
Q7Z6I6	ARHGAP30	1101	3	5	3	
Q7Z6M2	FBXO33	555	3	5	8	
Q7Z6Z7	HUWE1	4374	2	4	3	
Q7Z7F0	KHDC4	614	0	0	3	
Q7Z7G8	VPS13B	4022	0	2	1	
Q7Z7K0	CMC1	106	0	0	2	
Q86SQ9	DHDDS	333	0	2	2	
Q86T82	USP37	979	0	1	2	
Q86TG7	PEG10	708	1	2	2	
Q86TI2	DPP9	863	0	0	2	
Q86TN4	TRPT1	253	0	1	1	
Q86TS9	MRPL52	123	2	1	2	
Q86U06	RBM23	439	0	3	1	
Q86U44	METTL3	580	0	1	1	
Q86U86	PBRM1	1689	1	1	7	
Q86U90	YRDC	279	0	0	3	
Q86UE4	MTDH	582	5	2	5	
Q86UE8	TLK2	772	1	2	5	
Q86UF1	TSPAN33	283	0	0	2	
Q86UK0	ABCA12	2595	0	1	1	
Q86UV5	USP48	1035	0	1	2	
Q86V81	ALYREF	257	1	1	4	
Q86V86	PIM3	326	0	4	0	
Q86V97	KBTBD6	674	2	1	2	
Q86VV8	RTTN	2226	0	1	5	
Q86VZ1	P2RY8	359	1	2	3	
Q86W34	AMZ2	360	0	0	2	
Q86W50	METTL16	562	0	2	3	
Q86W92	PPFIBP1	1011	0	0	2	
Q86WA8	LONP2	852	0	3	5	
Q86WH2	RASSF3	238	1	1	3	
Q86X55	CARM1	608	0	3	0	
Q86X83	COMMD2	199	0	1	2	
Q86XI2	NCAPG2	1143	0	2	0	
Q86XL3	ANKLE2	938	0	1	4	
Q86XN7	PROSER1	944	2	2	4	
Q86XP3	DDX42	938	0	1	2	
Q86Y07	VRK2	508	0	2	4	
Q86Y56	DNAAF5	855	2	5	5	
Q86Y91	KIF18B	852	2	1	2	
Q86YA3	ZGRF1	2104	0	0	2	
Q86YD1	PTOV1	416	1	2	3	
Q86YP4	GATAD2A	633	0	0	2	
Q86YV0	RASAL3	1011	5	2	11	
Q86Z02	HIPK1	1210	2	2	3	
Q8IU68	TMC8	726	0	2	0	
Q8IUR0	TRAPPC5	188	0	1	2	
Q8IV32	CCDC71	467	1	1	2	
Q8IV48	ERI1	349	0	1	4	
Q8IV50	LYSMD2	215	0	2	1	
Q8IV61	RASGRP3	690	0	1	3	
Q8IV63	VRK3	474	0	1	1	
Q8IVF7	FMNL3	1028	0	3	5	
Q8IVL5	P3H2	708	2	2	7	
Q8IVS8	GLYCTK	523	0	0	3	
Q8IWA4	MFN1	741	0	2	2	
Q8IWD4	CCDC117	279	1	0	2	
Q8IWI9	MGA	3065	0	1	1	
Q8IWR0	ZC3H7A	971	0	1	2	
Q8IWV8	UBR2	1755	1	1	3	
Q8IWX8	CHERP	916	1	2	1	
Q8IWZ3	ANKHD1	2542	0	2	2	
Q8IX04	UEVLD	471	0	1	2	
Q8IXI1	RHOT2	618	2	3	1	
Q8IXJ9	ASXL1	1541	1	1	6	
Q8IXM6	NRM	262	1	3	3	
Q8IXQ5	KLHL7	586	0	2	2	
Q8IXQ6	PARP9	854	1	1	2	
Q8IXW5	RPAP2	612	2	0	2	
Q8IY17	PNPLA6	1375	2	1	2	
Q8IY21	DDX60	1712	3	4	4	
Q8IY37	DHX37	1157	2	2	4	
Q8IY67	RAVER1	606	1	0	7	
Q8IY81	FTSJ3	847	1	1	4	
Q8IYA6	CKAP2L	745	0	0	2	
Q8IYM9	TRIM22	498	1	2	2	
Q8IYN0	ZNF100	542	0	2	1	
Q8IYU8	MICU2	434	1	1	2	
Q8IZD2	KMT2E	1858	0	0	2	
Q8IZF4	ADGRG5	528	2	2	5	
Q8IZL2	MAML2	1156	0	1	2	
Q8IZL8	PELP1	1130	0	2	2	
Q8IZM8	ZNF654	1128	1	2	1	
Q8IZP0	ABI1	508	0	1	3	
Q8IZT6	ASPM	3477	0	2	9	
Q8IZX4	TAF1L	1826	0	1	1	
Q8IZY2	ABCA7	2146	1	1	4	
Q8N0Z8	PUSL1	303	1	2	4	
Q8N103	TAGAP	731	0	1	2	
Q8N122	RPTOR	1335	0	0	2	
Q8N138	ORMDL3	153	0	0	3	
Q8N163	CCAR2	923	1	1	2	
Q8N1F7	NUP93	819	1	1	3	
Q8N1G2	CMTR1	835	1	1	1	
Q8N1I0	DOCK4	1966	0	0	3	
Q8N1W2	ZNF710	664	1	3	3	
Q8N201	INTS1	2190	0	2	4	
Q8N257	H2BC26	126	1	1	4	
Q8N2A8	PLD6	252	1	1	2	
Q8N319	LINC03040	242	0	1	2	
Q8N3A8	PARP8	854	0	1	2	
Q8N3C0	ASCC3	2202	0	3	1	
Q8N3C7	CLIP4	705	0	2	1	
Q8N3U4	STAG2	1231	0	2	2	
Q8N4C8	MINK1	1332	0	0	2	
Q8N4H5	TOMM5	51	5	8	7	
Q8N4Q0	PTGR3	377	1	2	2	
Q8N4S7	PAQR4	273	1	2	1	
Q8N531	FBXL6	539	1	2	8	
Q8N5B7	CERS5	392	1	1	2	
Q8N5C7	DTWD1	304	2	3	2	
Q8N5F7	NKAP	415	1	2	3	
Q8N5G0	SMIM20	67	1	1	2	
Q8N5H7	SH2D3C	860	0	1	1	
Q8N697	SLC15A4	577	2	3	1	
Q8N6L1	KRTCAP2	136	0	0	2	
Q8N6R0	METTL13	699	0	1	2	
Q8N6S5	ARL6IP6	226	0	2	3	
Q8N766	EMC1	993	1	3	5	
Q8N7H5	PAF1	531	0	1	4	
Q8N806	UBR7	425	2	1	4	
Q8N8A6	DDX51	666	1	1	3	
Q8N983	MRPL43	215	2	3	3	
Q8N988	ZNF557	423	1	1	3	
Q8N9M1	C19orf47	422	0	1	1	
Q8NA72	POC5	575	0	0	2	
Q8NBM4	UBAC2	344	1	1	3	
Q8NBS9	TXNDC5	432	0	2	2	
Q8NCF5	NFATC2IP	419	2	2	0	
Q8NCH0	CHST14	376	0	2	0	
Q8NCJ5	SPRYD3	442	1	2	5	
Q8NCW5	NAXE	288	1	1	1	
Q8NDD1	FSAF1	293	0	1	3	
Q8NDH3	NPEPL1	523	1	2	0	
Q8NDX1	PSD4	1056	1	3	1	
Q8NE71	ABCF1	845	0	1	1	
Q8NEG7	DENND6B	585	0	1	1	
Q8NEZ4	KMT2C	4911	2	4	8	
Q8NF50	DOCK8	2099	0	3	2	
Q8NFA0	USP32	1604	0	1	2	
Q8NFD5	ARID1B	2319	0	2	6	
Q8NFH5	NUP35	326	0	1	3	
Q8NFZ0	FBH1	1043	2	4	4	
Q8NG31	KNL1	2342	1	4	4	
Q8NHG8	ZNRF2	242	0	2	1	
Q8NHM5	KDM2B	1336	2	4	6	
Q8NHQ9	DDX55	600	1	0	2	
Q8NHU6	TDRD7	1098	0	0	2	
Q8NHV4	NEDD1	660	0	1	2	
Q8NI08	NCOA7	942	0	0	3	
Q8NI36	WDR36	895	2	5	2	
Q8TAS1	UHMK1	419	3	3	6	
Q8TAU3	ZNF417	575	0	0	3	
Q8TB36	GDAP1	358	0	0	2	
Q8TB72	PUM2	1066	0	0	2	
Q8TBB1	LNX1	728	0	1	3	
Q8TBC3	SHKBP1	707	2	2	4	
Q8TBF2	PRXL2B	198	0	0	2	
Q8TBM8	DNAJB14	379	1	2	4	
Q8TBZ0	CCDC110	833	0	0	3	
Q8TBZ3	WDR20	569	0	1	1	
Q8TC07	TBC1D15	691	1	2	2	
Q8TCA0	LRRC20	184	0	2	1	
Q8TCB0	IFI44	444	1	5	5	
Q8TCG2	PI4K2B	481	0	2	0	
Q8TCJ2	STT3B	826	1	2	1	
Q8TCT6	SPPL3	384	0	1	1	
Q8TCU4	ALMS1	4168	0	1	2	
Q8TD26	CHD6	2715	0	0	2	
Q8TDB6	DTX3L	740	0	2	1	
Q8TDD1	DDX54	881	0	1	6	
Q8TDJ6	DMXL2	3036	1	2	3	
Q8TDN6	BRIX1	353	0	0	3	
Q8TDP1	RNASEH2C	164	1	2	1	
Q8TE82	SH3TC1	1336	0	0	2	
Q8TEB1	DCAF11	546	0	3	6	
Q8TED0	UTP15	518	0	1	4	
Q8TEK3	DOT1L	1537	1	5	12	
Q8TEL6	TRPC4AP	797	0	4	5	
Q8TEM1	NUP210	1887	3	3	3	
Q8TEQ0	SNX29	813	1	4	2	
Q8TEQ6	GEMIN5	1508	1	1	3	
Q8TEU7	RAPGEF6	1601	0	1	5	
Q8TEX9	IPO4	1081	0	2	2	
Q8TEZ7	PAQR8	354	1	4	5	
Q8TF74	WIPF2	440	1	1	5	
Q8WTP8	AEN	325	0	0	2	
Q8WTW3	COG1	980	1	2	2	
Q8WU17	RNF139	664	1	2	1	
Q8WU76	SCFD2	684	2	1	3	
Q8WU90	ZC3H15	426	0	1	2	
Q8WUA4	GTF3C2	911	0	1	3	
Q8WUA7	TBC1D22A	517	0	4	1	
Q8WUB2	FAM216A	273	1	2	3	
Q8WUD4	CCDC12	166	0	2	4	
Q8WUH6	TMEM263	116	0	1	2	
Q8WUM0	NUP133	1156	0	1	3	
Q8WUM4	PDCD6IP	868	0	2	1	
Q8WUW1	BRK1	75	0	1	1	
Q8WUX9	CHMP7	453	0	0	2	
Q8WV28	BLNK	456	10	7	9	
Q8WV92	MITD1	249	0	0	2	
Q8WVB6	CHTF18	975	0	0	3	
Q8WVM8	SCFD1	642	0	0	2	
Q8WW12	PCNP	178	0	2	1	
Q8WWC4	MAIP1	291	0	1	2	
Q8WWM7	ATXN2L	1075	0	2	4	
Q8WWW0	RASSF5	418	1	1	4	
Q8WX92	NELFB	628	0	0	2	
Q8WXI9	GATAD2B	593	0	2	4	
Q8WXX7	AUTS2	1259	1	2	2	
Q8WYA6	CTNNBL1	563	2	5	4	
Q8WYJ6	SEPTIN1	372	1	1	3	
Q8WYP5	AHCTF1	2266	2	5	7	
Q8WYQ5	DGCR8	773	0	0	2	
Q8WYR1	PIK3R5	880	0	0	2	
Q92466	DDB2	427	2	5	11	
Q92499	DDX1	740	4	3	2	
Q92503	SEC14L1	715	0	3	3	
Q92508	PIEZO1	2521	1	3	6	
Q92530	PSMF1	271	0	0	2	
Q92538	GBF1	1860	1	2	1	
Q92539	LPIN2	896	0	1	3	
Q92540	SMG7	1137	1	3	0	
Q92545	TMEM131	1883	1	2	2	
Q92547	TOPBP1	1522	0	1	2	
Q92562	FIG4	907	0	1	1	
Q92567	FAM168A	244	0	0	2	
Q92575	UBXN4	508	0	0	2	
Q92576	PHF3	2039	1	2	2	
Q92585	MAML1	1016	0	1	3	
Q92599	SEPTIN8	483	3	4	8	
Q92608	DOCK2	1830	0	3	1	
Q92609	TBC1D5	795	0	1	3	
Q92610	ZNF592	1267	2	3	3	
Q92611	EDEM1	657	5	9	9	
Q92615	LARP4B	738	0	1	2	
Q92616	GCN1	2671	0	3	1	
Q92619	ARHGAP45	1136	1	2	1	
Q92620	DHX38	1227	1	4	4	
Q92621	NUP205	2012	0	3	1	
Q92673	SORL1	2214	1	4	8	
Q92688	ANP32B	251	1	2	1	
Q92698	RAD54L	747	0	1	3	
Q92769	HDAC2	488	2	3	6	
Q92785	DPF2	391	0	1	1	
Q92797	SYMPK	1274	0	3	2	
Q92804	TAF15	592	0	0	3	
Q92835	INPP5D	1189	0	0	2	
Q92841	DDX17	729	1	2	1	
Q92882	OSTF1	214	0	1	1	
Q92888	ARHGEF1	912	0	1	1	
Q92890	UFD1	307	0	3	0	
Q92900	UPF1	1129	1	1	1	
Q92905	COPS5	334	1	1	1	
Q92922	SMARCC1	1105	0	2	6	
Q92925	SMARCD2	531	4	2	6	
Q92966	SNAPC3	411	1	2	1	
Q92968	PEX13	403	0	2	1	
Q92973	TNPO1	898	0	1	2	
Q92974	ARHGEF2	986	0	5	4	
Q92979	EMG1	244	0	2	2	
Q92985	IRF7	503	1	2	1	
Q92989	CLP1	425	1	1	1	
Q92993	KAT5	513	1	2	4	
Q93008	USP9X	2554	0	3	4	
Q93074	MED12	2177	0	1	4	
Q95460	MR1	341	0	2	0	
Q969G3	SMARCE1	411	1	2	3	
Q969N2	PIGT	578	4	5	9	
Q969Q6	PPP2R3C	453	3	4	2	
Q969S3	ZNF622	477	0	1	0	
Q969U7	PSMG2	264	0	1	4	
Q969V3	NCLN	563	2	2	0	
Q969V5	MUL1	352	0	1	4	
Q969X6	UTP4	686	1	2	2	
Q96AB3	ISOC2	205	1	2	0	
Q96AG3	SLC25A46	418	0	1	1	
Q96AK3	APOBEC3D	386	0	1	2	
Q96AP0	ACD	458	0	2	1	
Q96AQ1	CCDC74A	378	5	5	4	
Q96AT1	KIAA1143	154	3	3	2	
Q96AV8	E2F7	911	0	1	2	
Q96AX1	VPS33A	596	0	2	4	
Q96AZ6	ISG20	181	1	3	12	
Q96B49	TOMM6	74	0	1	2	
Q96BI3	APH1A	265	0	1	2	
Q96BR6	ZNF669	464	0	2	1	
Q96BY6	DOCK10	2186	1	3	1	
Q96BY9	SARAF	339	1	3	3	
Q96C01	TIMCC	138	5	4	8	
Q96C10	DHX58	678	1	1	2	
Q96C12	ARMC5	935	1	2	2	
Q96C34	RUNDC1	613	1	2	0	
Q96C86	DCPS	337	1	1	3	
Q96CN4	EVI5L	794	1	1	1	
Q96CP6	GRAMD1A	724	0	1	2	
Q96CS2	HAUS1	278	0	1	2	
Q96CW1	AP2M1	435	0	0	2	
Q96CX6	LRRC58	371	2	4	1	
Q96D46	NMD3	503	0	2	1	
Q96DE0	NUDT16	195	0	2	0	
Q96DE5	ANAPC16	110	0	1	2	
Q96DF8	ESS2	476	0	0	3	
Q96DI7	SNRNP40	357	0	3	1	
Q96DX4	RSPRY1	576	0	1	4	
Q96E22	NUS1	293	1	1	2	
Q96E52	OMA1	524	0	0	2	
Q96EE3	SEH1L	360	1	3	3	
Q96EK5	KIFBP	621	1	3	4	
Q96EK7	FAM120B	910	2	3	3	
Q96EP0	RNF31	1072	1	3	3	
Q96ES7	SGF29	293	0	1	2	
Q96EX3	DYNC2I2	536	2	2	6	
Q96EY7	PTCD3	689	0	1	2	
Q96F07	CYFIP2	1278	1	2	1	
Q96F15	GIMAP5	307	0	0	2	
Q96FS4	SIPA1	1042	0	1	2	
Q96FV2	SCRN2	425	0	1	2	
Q96G21	IMP4	291	0	0	2	
Q96GC9	VMP1	406	0	1	2	
Q96GD4	AURKB	344	2	2	3	
Q96GM5	SMARCD1	515	0	1	3	
Q96GN5	CDCA7L	454	0	0	2	
Q96GQ5	RUSF1	468	0	2	1	
Q96GQ7	DDX27	765	0	3	4	
Q96GX5	MASTL	879	0	1	3	
Q96HA1	POM121	1249	2	2	1	
Q96HA7	TONSL	1378	2	3	3	
Q96HE9	PRR11	360	1	0	4	
Q96HU1	SGSM3	749	0	0	4	
Q96I25	RBM17	401	0	0	6	
Q96II8	LRCH3	777	0	1	4	
Q96IX5	ATP5MK	58	2	4	12	
Q96J01	THOC3	351	0	1	3	
Q96J02	ITCH	903	0	0	2	
Q96J88	EPSTI1	318	0	0	4	
Q96JB5	CDK5RAP3	506	1	3	0	
Q96JC1	VPS39	886	0	3	0	
Q96JH7	VCPIP1	1222	0	0	3	
Q96JI7	SPG11	2443	1	3	3	
Q96JJ3	ELMO2	720	2	2	4	
Q96JM3	CHAMP1	812	1	1	3	
Q96JZ2	HSH2D	352	10	11	4	
Q96KA5	CLPTM1L	538	0	2	0	
Q96KB5	PBK	322	0	0	2	
Q96KP4	CNDP2	475	0	2	2	
Q96KS0	EGLN2	407	1	1	2	
Q96L08	SUSD3	255	1	4	4	
Q96L91	EP400	3159	0	2	3	
Q96ME7	ZNF512	567	1	1	2	
Q96MG7	NSMCE3	304	1	3	6	
Q96MU7	YTHDC1	727	0	1	2	
Q96N67	DOCK7	2140	1	1	3	
Q96NB1	CEP20	174	1	2	0	
Q96P11	NSUN5	429	1	3	10	
Q96P48	ARAP1	1450	1	2	3	
Q96P70	IPO9	1041	1	2	2	
Q96PK6	RBM14	669	0	2	4	
Q96PM9	ZNF385A	386	1	1	4	
Q96PU8	QKI	341	0	1	2	
Q96Q04	LMTK3	1460	1	1	1	
Q96Q05	TRAPPC9	1148	0	2	4	
Q96Q15	SMG1	3661	0	1	4	
Q96Q89	KIF20B	1820	0	2	2	
Q96QD9	FYTTD1	318	2	4	9	
Q96QE3	ATAD5	1844	0	1	2	
Q96QR8	PURB	312	0	0	2	
Q96QT4	TRPM7	1865	1	2	2	
Q96QU8	XPO6	1125	0	2	4	
Q96RL7	VPS13A	3174	1	5	3	
Q96RQ9	IL4I1	567	0	4	3	
Q96RT1	ERBIN	1412	0	4	1	
Q96RT7	TUBGCP6	1819	0	1	1	
Q96RU3	FNBP1	617	0	2	1	
Q96RU8	TRIB1	372	0	2	3	
Q96S52	PIGS	555	0	3	1	
Q96S59	RANBP9	729	1	2	5	
Q96S82	UBL7	380	0	1	3	
Q96S94	CCNL2	520	0	2	1	
Q96S99	PLEKHF1	279	2	3	2	
Q96SB3	PPP1R9B	817	0	1	1	
Q96SB8	SMC6	1091	0	4	6	
Q96SU4	OSBPL9	736	1	1	1	
Q96T49	PPP1R16B	567	1	2	2	
Q96T58	SPEN	3664	1	3	4	
Q96TA2	YME1L1	773	1	4	7	
Q99081	TCF12	682	0	4	2	
Q99436	PSMB7	277	0	2	5	
Q99442	SEC62	399	1	2	3	
Q99459	CDC5L	802	1	1	2	
Q99471	PFDN5	154	1	0	1	
Q99497	PARK7	189	1	1	4	
Q99504	EYA3	573	0	1	3	
Q99541	PLIN2	437	0	1	2	
Q99551	MTERF1	399	0	2	1	
Q99590	SCAF11	1463	1	5	2	
Q99595	TIMM17A	171	0	0	2	
Q99607	ELF4	663	0	0	3	
Q99623	PHB2	299	3	5	8	
Q99627	COPS8	209	0	2	2	
Q99661	KIF2C	725	0	1	2	
Q99683	MAP3K5	1374	0	0	3	
Q99700	ATXN2	1313	0	0	2	
Q99707	MTR	1265	0	5	13	
Q99708	RBBP8	897	0	1	1	
Q99759	MAP3K3	626	0	1	3	
Q99805	TM9SF2	663	0	1	3	
Q99829	CPNE1	537	1	2	3	
Q99832	CCT7	543	1	2	2	
Q99856	ARID3A	593	2	2	4	
Q99873	PRMT1	371	1	5	6	
Q99961	SH3GL1	368	1	3	3	
Q99973	TEP1	2627	0	2	2	
Q99986	VRK1	396	0	2	2	
Q9BQ39	DDX50	737	0	0	4	
Q9BQ52	ELAC2	826	3	4	3	
Q9BQ70	TCF25	676	1	3	4	
Q9BQ83	SLX1A	275	0	2	1	
Q9BQG0	MYBBP1A	1328	1	5	3	
Q9BQT9	CLSTN3	956	0	1	3	
Q9BRD0	BUD13	619	0	0	2	
Q9BRG2	SH2D3A	576	0	0	3	
Q9BRJ7	NUDT16L1	211	0	2	2	
Q9BRK5	SDF4	362	0	0	2	
Q9BRR9	ARHGAP9	750	0	1	3	
Q9BRS2	RIOK1	568	0	2	4	
Q9BRU9	UTP23	249	2	4	4	
Q9BS26	ERP44	406	0	0	2	
Q9BSH3	NICN1	213	0	1	1	
Q9BSJ2	TUBGCP2	902	0	0	2	
Q9BSJ8	ESYT1	1104	0	2	2	
Q9BSV6	TSEN34	310	1	4	6	
Q9BT17	MTG1	334	0	1	1	
Q9BT88	SYT11	431	0	1	1	
Q9BTC0	DIDO1	2240	1	0	3	
Q9BTE1	DCTN5	182	0	1	4	
Q9BTE3	MCMBP	642	0	1	3	
Q9BTL3	RAMAC	118	5	10	5	
Q9BTL4	IER2	223	0	1	1	
Q9BTV4	TMEM43	400	0	1	1	
Q9BTW9	TBCD	1192	1	3	3	
Q9BUB7	TMEM70	260	1	1	0	
Q9BUJ2	HNRNPUL1	856	0	0	4	
Q9BUN5	CCDC28B	200	0	0	2	
Q9BUN8	DERL1	251	5	6	5	
Q9BUP3	HTATIP2	242	0	2	2	
Q9BUQ8	DDX23	820	0	1	2	
Q9BV19	C1orf50	199	0	0	2	
Q9BV38	WDR18	432	0	3	2	
Q9BVJ6	UTP14A	771	3	3	3	
Q9BVK2	ALG8	526	0	3	2	
Q9BVK6	TMED9	235	1	7	15	
Q9BVS4	RIOK2	552	0	0	5	
Q9BVV7	TIMM21	248	0	1	1	
Q9BW27	NUP85	656	0	4	0	
Q9BW72	HIGD2A	106	1	2	4	
Q9BW91	NUDT9	350	1	1	5	
Q9BWF3	RBM4	364	0	3	5	
Q9BWG4	SSBP4	385	0	2	1	
Q9BWG6	SCNM1	230	4	4	5	
Q9BWN1	PRR14	585	2	1	5	
Q9BWW8	APOL6	343	0	1	2	
Q9BX10	GTPBP2	602	0	3	2	
Q9BX95	SGPP1	441	1	2	4	
Q9BXJ9	NAA15	866	0	0	2	
Q9BXP5	SRRT	876	0	2	4	
Q9BXR0	QTRT1	403	0	1	2	
Q9BXS6	NUSAP1	441	0	0	3	
Q9BXW9	FANCD2	1451	3	7	4	
Q9BY44	EIF2A	585	1	2	5	
Q9BY50	SEC11C	192	1	1	6	
Q9BY66	KDM5D	1539	0	1	3	
Q9BY77	POLDIP3	421	1	4	2	
Q9BYC9	MRPL20	149	1	1	2	
Q9BYD3	MRPL4	311	0	2	1	
Q9BYK8	HELZ2	2896	2	7	7	
Q9BYV8	CEP41	373	0	1	2	
Q9BYW2	SETD2	2564	0	3	6	
Q9BYX4	IFIH1	1025	2	5	6	
Q9BZ67	FRMD8	464	0	1	5	
Q9BZD4	NUF2	464	0	2	1	
Q9BZF1	OSBPL8	889	1	2	0	
Q9BZG8	DPH1	438	0	0	2	
Q9BZH6	WDR11	1224	0	0	3	
Q9BZJ0	CRNKL1	848	0	1	4	
Q9BZJ4	SLC25A39	359	0	2	0	
Q9BZL1	UBL5	73	0	2	2	
Q9BZV1	UBXN6	441	0	0	2	
Q9BZW5	TM6SF1	370	1	2	3	
Q9BZZ5	API5	524	1	2	5	
Q9C000	NLRP1	1473	0	0	2	
Q9C035	TRIM5	493	1	2	1	
Q9C037	TRIM4	500	0	2	1	
Q9C073	FAM117A	453	1	1	1	
Q9C0B5	ZDHHC5	715	0	0	3	
Q9C0C7	AMBRA1	1298	0	5	7	
Q9C0C9	UBE2O	1292	1	1	1	
Q9C0D2	CEP295	2601	0	1	4	
Q9C0D5	TANC1	1861	1	1	2	
Q9C0D7	ZC3H12C	883	2	3	3	
Q9C0G0	ZNF407	2248	1	2	3	
Q9GZL7	WDR12	423	1	2	2	
Q9GZM8	NDEL1	345	0	0	3	
Q9GZN2	TGIF2	237	1	3	2	
Q9GZQ3	COMMD5	224	0	1	1	
Q9GZR7	DDX24	859	6	11	14	
Q9GZS1	POLR1E	419	0	1	1	
Q9H0A0	NAT10	1025	0	1	3	
Q9H0C8	ILKAP	392	0	1	1	
Q9H0D6	XRN2	950	0	1	1	
Q9H0E3	SAP130	1048	0	5	2	
Q9H0H5	RACGAP1	632	0	3	3	
Q9H0J9	PARP12	701	1	1	0	
Q9H0K1	SIK2	926	1	1	3	
Q9H0R1	AP5M1	490	1	2	2	
Q9H0S4	DDX47	455	0	5	7	
Q9H0U9	TSPYL1	437	0	2	1	
Q9H0Z9	RBM38	239	0	3	2	
Q9H116	GZF1	711	0	1	1	
Q9H147	DNTTIP1	329	1	3	7	
Q9H173	SIL1	461	1	2	1	
Q9H211	CDT1	546	0	2	3	
Q9H223	EHD4	541	4	5	4	
Q9H269	VPS16	839	1	2	0	
Q9H2J4	PDCL3	239	1	2	3	
Q9H2K2	TNKS2	1166	1	1	2	
Q9H2M9	RAB3GAP2	1393	0	0	2	
Q9H2U1	DHX36	1008	0	0	2	
Q9H3F6	KCTD10	313	1	1	2	
Q9H3K2	GHITM	345	0	1	4	
Q9H3U1	UNC45A	944	0	2	1	
Q9H467	CUEDC2	287	0	0	2	
Q9H4A3	WNK1	2382	2	2	5	
Q9H4L4	SENP3	574	0	2	3	
Q9H4L5	OSBPL3	887	2	2	1	
Q9H4L7	SMARCAD1	1026	0	1	1	
Q9H4W6	EBF3	596	0	0	3	
Q9H583	HEATR1	2144	0	3	1	
Q9H5Z1	DHX35	703	1	1	2	
Q9H668	STN1	368	1	1	1	
Q9H6D7	HAUS4	363	0	2	1	
Q9H6E4	CCDC134	229	1	1	1	
Q9H6E5	TUT1	874	1	1	3	
Q9H6Q4	CIAO3	476	1	1	3	
Q9H6R0	DHX33	707	0	1	2	
Q9H6R4	NOL6	1146	1	1	4	
Q9H6S0	YTHDC2	1430	0	2	2	
Q9H6W3	RIOX1	641	0	0	3	
Q9H765	ASB8	288	1	2	2	
Q9H7B2	RPF2	306	1	1	0	
Q9H7B4	SMYD3	428	1	1	6	
Q9H7F0	ATP13A3	1226	0	2	5	
Q9H7N4	SCAF1	1312	0	2	2	
Q9H7P9	PLEKHG2	1386	1	1	1	
Q9H7Z6	KAT8	458	1	1	3	
Q9H7Z7	PTGES2	377	1	1	0	
Q9H832	UBE2Z	354	0	0	3	
Q9H8H0	NOL11	719	1	2	4	
Q9H8H2	DDX31	851	1	3	4	
Q9H8M2	BRD9	597	0	3	0	
Q9H8S9	MOB1A	216	2	1	3	
Q9H8V3	ECT2	914	1	2	1	
Q9H967	WDR76	626	3	3	4	
Q9H992	MARCHF7	704	0	3	2	
Q9H993	DCPH1	441	0	1	4	
Q9H9B1	EHMT1	1298	0	2	2	
Q9H9E3	COG4	785	1	2	0	
Q9H9L7	AKIRIN1	192	0	1	2	
Q9H9Y6	POLR1B	1135	2	3	3	
Q9HAH7	FBRS	460	0	2	3	
Q9HAV4	XPO5	1204	1	4	6	
Q9HAW4	CLSPN	1339	1	2	4	
Q9HAY2	MAGEF1	307	0	3	3	
Q9HB19	PLEKHA2	425	0	1	3	
Q9HB58	SP110	689	0	2	0	
Q9HB96	FANCE	536	0	1	2	
Q9HBE5	IL21R	538	0	2	1	
Q9HBG6	IFT122	1241	1	1	2	
Q9HBH0	RHOF	211	0	0	4	
Q9HBL8	NMRAL1	299	1	3	4	
Q9HBM6	TAF9B	251	0	2	4	
Q9HBR0	SLC38A10	1119	0	1	1	
Q9HBU6	ETNK1	452	4	1	1	
Q9HC77	CPAP	1338	0	1	3	
Q9HC98	NEK6	313	0	1	3	
Q9HCE1	MOV10	1003	2	3	3	
Q9HCG8	CWC22	908	1	1	2	
Q9HCH3	CPNE5	593	0	1	3	
Q9HCK8	CHD8	2581	1	1	3	
Q9HCN4	GPN1	374	2	5	6	
Q9HCS7	XAB2	855	3	5	2	
Q9HD15	SRA1	224	0	1	1	
Q9HD20	ATP13A1	1204	0	2	2	
Q9HD26	GOPC	462	0	2	0	
Q9HD34	LYRM4	91	0	1	2	
Q9HD45	TM9SF3	589	0	1	1	
Q9NNW5	WDR6	1121	1	3	3	
Q9NP50	SINHCAF	221	2	4	5	
Q9NP77	SSU72	194	0	1	1	
Q9NP97	DYNLRB1	96	3	4	6	
Q9NPD8	UBE2T	197	0	1	1	
Q9NPE3	NOP10	64	3	5	6	
Q9NPF2	CHST11	352	1	1	1	
Q9NPF5	DMAP1	467	0	0	3	
Q9NPG3	UBN1	1134	1	0	1	
Q9NPI6	DCP1A	582	0	0	2	
Q9NPQ8	RIC8A	531	0	1	1	
Q9NQ25	SLAMF7	335	0	0	4	
Q9NQ55	PPAN	473	1	4	1	
Q9NQC7	CYLD	956	1	1	2	
Q9NQG6	MIEF1	463	1	0	2	
Q9NQT4	EXOSC5	235	0	2	1	
Q9NQT5	EXOSC3	275	1	1	1	
Q9NQW6	ANLN	1124	0	0	3	
Q9NQX3	GPHN	736	0	0	2	
Q9NQY0	BIN3	253	0	2	2	
Q9NR09	BIRC6	4857	3	8	6	
Q9NR30	DDX21	783	3	3	3	
Q9NR33	POLE4	117	1	0	6	
Q9NR50	EIF2B3	452	0	2	0	
Q9NR96	TLR9	1032	1	4	3	
Q9NRA8	EIF4ENIF1	985	1	2	1	
Q9NRG9	AAAS	546	2	3	2	
Q9NRH2	SNRK	765	0	0	3	
Q9NRL2	BAZ1A	1556	0	1	2	
Q9NRL3	STRN4	753	0	1	1	
Q9NRN9	METTL5	209	1	1	5	
Q9NRP2	CMC2	79	0	1	3	
Q9NRR3	CDC42SE2	84	0	0	2	
Q9NRR8	CDC42SE1	79	0	1	1	
Q9NRZ9	HELLS	838	3	3	7	
Q9NS56	TOPORS	1045	0	1	1	
Q9NS91	RAD18	495	0	1	2	
Q9NSD9	FARSB	589	0	1	2	
Q9NSU2	TREX1	314	0	3	7	
Q9NSV4	DIAPH3	1193	1	6	4	
Q9NTJ3	SMC4	1288	2	6	11	
Q9NTJ4	MAN2C1	1040	1	4	2	
Q9NTK1	DEPP1	212	0	1	1	
Q9NTZ6	RBM12	932	0	1	1	
Q9NU22	MDN1	5596	1	3	5	
Q9NUL3	STAU2	570	1	1	1	
Q9NUQ2	AGPAT5	364	1	2	2	
Q9NUT2	ABCB8	735	1	1	3	
Q9NUU7	DDX19A	478	2	3	6	
Q9NUV9	GIMAP4	329	2	2	1	
Q9NUX5	POT1	634	0	2	2	
Q9NV06	DCAF13	445	0	2	5	
Q9NV88	INTS9	658	3	3	4	
Q9NV96	TMEM30A	361	0	0	2	
Q9NVF7	FBXO28	368	0	1	2	
Q9NVH2	INTS7	962	0	1	2	
Q9NVI1	FANCI	1328	0	3	4	
Q9NVM4	PRMT7	692	2	3	4	
Q9NVP1	DDX18	670	0	2	1	
Q9NVU7	SDAD1	687	1	1	4	
Q9NW64	RBM22	420	3	1	6	
Q9NWB6	ARGLU1	273	0	0	2	
Q9NWH9	SLTM	1034	0	1	7	
Q9NWS1	PARPBP	579	1	2	1	
Q9NWT8	AURKAIP1	199	0	1	2	
Q9NWV8	BABAM1	329	0	1	2	
Q9NWW7	C2orf42	574	0	0	2	
Q9NWX6	THG1L	298	0	2	2	
Q9NX09	DDIT4	232	0	2	0	
Q9NX74	DUS2	493	0	1	2	
Q9NXC5	MIOS	875	0	1	2	
Q9NXD2	MTMR10	777	1	2	2	
Q9NXE4	SMPD4	866	0	0	4	
Q9NXH8	TOR4A	423	1	1	2	
Q9NXK8	FBXL12	326	1	2	0	
Q9NXR1	NDE1	335	0	0	4	
Q9NXW2	DNAJB12	375	2	3	9	
Q9NY93	DDX56	547	2	3	4	
Q9NY97	B3GNT2	397	1	2	0	
Q9NYB0	TERF2IP	399	0	3	1	
Q9NYF8	BCLAF1	920	1	3	8	
Q9NYH9	UTP6	597	6	4	0	
Q9NYK1	TLR7	1049	1	1	1	
Q9NYL9	TMOD3	352	1	1	4	
Q9NYV6	RRN3	651	0	4	1	
Q9NYY8	FASTKD2	710	1	1	3	
Q9NZ01	TECR	308	0	2	0	
Q9NZ45	CISD1	108	0	2	1	
Q9NZB2	FAM120A	1118	0	4	2	
Q9NZJ4	SACS	4579	0	5	2	
Q9NZJ5	EIF2AK3	1116	0	1	3	
Q9NZS9	BFAR	450	0	4	0	
Q9P000	COMMD9	198	1	1	3	
Q9P016	THYN1	225	1	1	2	
Q9P032	NDUFAF4	175	2	3	5	
Q9P0J0	NDUFA13	144	1	3	8	
Q9P0N9	TBC1D7	293	0	0	2	
Q9P107	GMIP	970	0	1	3	
Q9P1T7	MDFIC	246	0	1	3	
Q9P1W9	PIM2	311	5	10	15	
Q9P1Y6	PHRF1	1649	0	1	3	
Q9P1Z0	ZBTB4	1013	2	2	1	
Q9P246	STIM2	746	0	0	2	
Q9P258	RCC2	522	0	1	2	
Q9P265	DIP2B	1576	1	2	4	
Q9P270	SLAIN2	581	0	2	3	
Q9P2D0	IBTK	1353	1	2	2	
Q9P2D1	CHD7	2997	1	3	6	
Q9P2D3	HEATR5B	2071	0	0	3	
Q9P2E3	ZNFX1	1918	1	5	6	
Q9P2E5	CHPF2	772	0	2	4	
Q9P2G1	ANKIB1	1089	0	1	2	
Q9P2G9	KLHL8	620	0	1	1	
Q9P2I0	CPSF2	782	0	1	6	
Q9P2J3	KLHL9	617	0	0	5	
Q9P2J5	LARS1	1176	0	0	3	
Q9P2N6	KANSL3	904	0	1	1	
Q9P2P5	HECW2	1572	1	4	2	
Q9P2Q2	FRMD4A	1039	2	1	1	
Q9UBB4	ATXN10	475	0	2	1	
Q9UBB6	NCDN	729	0	2	0	
Q9UBB9	TFIP11	837	0	2	2	
Q9UBD5	ORC3	711	1	3	1	
Q9UBE0	SAE1	346	0	0	2	
Q9UBI1	COMMD3	195	0	2	1	
Q9UBP0	SPAST	616	1	2	1	
Q9UBQ5	EIF3K	218	0	2	1	
Q9UBQ7	GRHPR	328	3	3	9	
Q9UBR2	CTSZ	303	0	2	2	
Q9UBS0	RPS6KB2	482	1	2	2	
Q9UBT6	POLK	870	0	1	1	
Q9UBU8	MORF4L1	362	1	4	20	
Q9UBV2	SEL1L	794	1	1	2	
Q9UDY8	MALT1	824	0	1	1	
Q9UEE5	STK17A	414	0	1	3	
Q9UET6	FTSJ1	329	0	2	2	
Q9UFH2	DNAH17	4462	0	1	3	
Q9UG01	IFT172	1749	1	2	0	
Q9UG63	ABCF2	623	4	4	3	
Q9UGH3	SLC23A2	650	0	3	0	
Q9UGM6	WARS2	360	2	1	2	
Q9UGR2	ZC3H7B	977	2	2	3	
Q9UH92	MLX	298	0	1	1	
Q9UHA3	RSL24D1	163	0	1	7	
Q9UHB4	NDOR1	597	0	3	0	
Q9UHB6	LIMA1	759	1	2	5	
Q9UHB7	AFF4	1163	1	1	2	
Q9UHB9	SRP68	627	2	1	2	
Q9UHC7	MKRN1	482	0	0	4	
Q9UHD2	TBK1	729	0	3	3	
Q9UHD8	SEPTIN9	586	0	4	3	
Q9UHD9	UBQLN2	624	1	1	1	
Q9UHI6	DDX20	824	0	1	3	
Q9UHR4	BAIAP2L1	511	0	1	2	
Q9UHX1	PUF60	559	0	1	2	
Q9UI10	EIF2B4	523	1	1	1	
Q9UI12	ATP6V1H	483	1	1	1	
Q9UI14	RABAC1	185	0	0	3	
Q9UI26	IPO11	975	1	3	2	
Q9UID3	VPS51	782	0	1	9	
Q9UIF9	BAZ2A	1905	2	2	4	
Q9UIG0	BAZ1B	1483	0	1	7	
Q9UII2	ATP5IF1	106	0	0	2	
Q9UII4	HERC5	1024	3	6	5	
Q9UJA2	CRLS1	301	0	1	2	
Q9UJJ9	GNPTG	305	0	0	2	
Q9UJK0	TSR3	312	1	2	3	
Q9UJU6	DBNL	430	0	0	2	
Q9UJX2	CDC23	597	1	4	6	
Q9UK61	TASOR	1670	2	1	7	
Q9UK96	FBXO10	956	0	1	1	
Q9UK99	FBXO3	471	1	2	0	
Q9UKA4	AKAP11	1901	2	2	0	
Q9UKE5	TNIK	1360	0	0	2	
Q9UKF6	CPSF3	684	0	2	2	
Q9UKJ3	GPATCH8	1502	0	0	3	
Q9UKK3	PARP4	1724	0	0	5	
Q9UKM9	RALY	306	0	1	2	
Q9UKS7	IKZF2	526	2	3	1	
Q9UKT4	FBXO5	447	1	2	0	
Q9UKT9	IKZF3	509	0	1	2	
Q9UKV0	HDAC9	1011	1	1	4	
Q9UKV5	AMFR	643	1	2	5	
Q9UKY7	CDV3	258	0	3	3	
Q9UKZ1	CNOT11	510	1	2	0	
Q9UL17	TBX21	535	2	1	3	
Q9UL45	BLOC1S6	172	2	1	2	
Q9UL46	PSME2	239	0	1	2	
Q9ULA0	DNPEP	485	0	1	1	
Q9ULD5	ZNF777	831	1	2	2	
Q9ULD9	ZNF608	1512	1	0	1	
Q9ULG6	CCPG1	757	0	0	2	
Q9ULJ3	ZBTB21	1066	0	1	3	
Q9ULL5	PRR12	2036	1	1	3	
Q9ULT8	HECTD1	2610	0	4	1	
Q9ULU4	ZMYND8	1186	0	1	2	
Q9ULV3	CIZ1	898	0	2	3	
Q9ULV4	CORO1C	474	0	0	5	
Q9ULW0	TPX2	747	2	2	5	
Q9ULX3	NOB1	412	0	0	3	
Q9UM00	TMCO1	239	0	1	1	
Q9UMW8	USP18	372	1	2	3	
Q9UMY1	NOL7	257	1	1	6	
Q9UMZ2	SYNRG	1314	4	6	3	
Q9UN70	PCDHGC3	934	0	1	2	
Q9UN86	G3BP2	482	0	2	6	
Q9UNF1	MAGED2	606	0	2	4	
Q9UNM6	PSMD13	376	0	4	11	
Q9UNP9	PPIE	301	1	1	1	
Q9UNY4	TTF2	1162	2	5	3	
Q9UNZ2	NSFL1C	370	0	1	3	
Q9UNZ5	C19orf53	99	2	3	0	
Q9UP83	COG5	860	0	0	2	
Q9UPN3	MACF1	7388	4	6	13	
Q9UPQ4	TRIM35	493	0	0	3	
Q9UPQ9	TNRC6B	1833	0	1	1	
Q9UPT8	ZC3H4	1303	1	2	2	
Q9UPT9	USP22	525	2	4	2	
Q9UPU5	USP24	2620	0	1	1	
Q9UPW0	FOXJ3	622	0	1	1	
Q9UPW5	AGTPBP1	1226	0	1	2	
Q9UPY3	DICER1	1922	0	1	3	
Q9UPZ3	HPS5	1129	0	0	3	
Q9UQ35	SRRM2	2752	1	3	8	
Q9UQ80	PA2G4	394	0	4	0	
Q9UQE7	SMC3	1217	3	4	5	
Q9UQL6	HDAC5	1122	2	3	4	
Q9UQV4	LAMP3	416	0	2	1	
Q9Y217	MTMR6	621	1	1	0	
Q9Y232	CDYL	598	0	0	2	
Q9Y253	POLH	713	0	0	2	
Q9Y255	PRELID1	219	0	2	8	
Q9Y262	EIF3L	564	1	3	7	
Q9Y263	PLAA	795	0	1	2	
Q9Y285	FARSA	508	4	4	7	
Q9Y291	MRPS33	106	0	0	3	
Q9Y296	TRAPPC4	219	0	3	5	
Q9Y2D5	PALM2AKAP2	1103	0	3	0	
Q9Y2F5	ICE1	2266	1	0	3	
Q9Y2G2	CARD8	537	1	1	3	
Q9Y2H1	STK38L	464	5	4	18	
Q9Y2I1	NISCH	1504	0	1	3	
Q9Y2I7	PIKFYVE	2098	0	1	3	
Q9Y2K2	SIK3	1321	0	2	6	
Q9Y2L1	DIS3	958	0	1	1	
Q9Y2L5	TRAPPC8	1435	0	2	2	
Q9Y2M5	KLHL20	609	0	1	3	
Q9Y2Q0	ATP8A1	1164	2	1	4	
Q9Y2Q3	GSTK1	226	1	3	1	
Q9Y2R4	DDX52	599	0	0	2	
Q9Y2R5	MRPS17	130	3	5	6	
Q9Y2R9	MRPS7	242	0	2	1	
Q9Y2S7	POLDIP2	368	0	0	2	
Q9Y2T2	AP3M1	418	1	3	1	
Q9Y2U8	LEMD3	911	0	1	3	
Q9Y2W1	THRAP3	955	0	0	4	
Q9Y2W6	TDRKH	561	0	0	2	
Q9Y2X0	MED16	877	0	3	4	
Q9Y2X3	NOP58	529	2	1	1	
Q9Y2X9	ZNF281	895	3	2	6	
Q9Y2Y1	POLR3K	108	0	2	1	
Q9Y2Y4	ZBTB32	487	2	3	4	
Q9Y312	AAR2	384	0	1	2	
Q9Y371	SH3GLB1	365	0	0	3	
Q9Y385	UBE2J1	318	1	1	1	
Q9Y3A2	UTP11	253	0	1	1	
Q9Y3C1	NOP16	178	1	1	2	
Q9Y3I0	RTCB	505	0	0	4	
Q9Y3L3	SH3BP1	701	3	3	4	
Q9Y3Q3	TMED3	217	0	3	2	
Q9Y3T6	R3HCC1	440	1	1	1	
Q9Y421	FAM32A	112	1	0	3	
Q9Y478	PRKAB1	270	1	1	2	
Q9Y485	DMXL1	3027	2	3	3	
Q9Y487	ATP6V0A2	856	0	1	4	
Q9Y490	TLN1	2541	0	4	7	
Q9Y4A5	TRRAP	3859	1	5	2	
Q9Y4B6	DCAF1	1507	0	0	3	
Q9Y4C2	TCAF1	921	0	1	3	
Q9Y4C8	RBM19	960	0	1	0	
Q9Y4D8	HECTD4	3996	0	0	3	
Q9Y4E8	USP15	981	1	2	2	
Q9Y4F9	RIPOR2	1068	0	0	2	
Q9Y4I1	MYO5A	1855	0	2	1	
Q9Y4K1	CRYBG1	2131	1	5	4	
Q9Y4P1	ATG4B	393	0	3	1	
Q9Y4R8	TELO2	837	0	1	2	
Q9Y4W2	LAS1L	734	4	4	5	
Q9Y4X0	AMMECR1	333	0	1	2	
Q9Y512	SAMM50	469	0	1	3	
Q9Y520	PRRC2C	2896	3	4	8	
Q9Y546	LRRC42	428	0	4	1	
Q9Y575	ASB3	518	0	1	1	
Q9Y580	RBM7	266	1	1	3	
Q9Y5A7	NUB1	615	1	2	2	
Q9Y5A9	YTHDF2	579	3	6	14	
Q9Y5B0	CTDP1	961	0	1	1	
Q9Y5B8	NME7	376	0	1	1	
Q9Y5B9	SUPT16H	1047	0	1	2	
Q9Y5J6	TIMM10B	103	0	0	3	
Q9Y5L0	TNPO3	923	0	0	2	
Q9Y5Q9	GTF3C3	886	1	4	4	
Q9Y5S1	TRPV2	764	2	4	4	
Q9Y5V0	ZNF706	76	1	2	2	
Q9Y5V3	MAGED1	778	0	1	2	
Q9Y5W7	SNX14	946	2	3	1	
Q9Y5W9	SNX11	270	0	2	2	
Q9Y5X3	SNX5	404	0	2	2	
Q9Y5Y2	NUBP2	271	0	2	1	
Q9Y606	PUS1	427	2	2	0	
Q9Y613	FHOD1	1164	1	2	1	
Q9Y618	NCOR2	2514	5	6	8	
Q9Y678	COPG1	874	1	1	2	
Q9Y679	AUP1	410	0	2	1	
Q9Y6D9	MAD1L1	718	0	4	6	
Q9Y6G9	DYNC1LI1	523	0	1	1	
Q9Y6J0	CABIN1	2220	0	3	5	
Q9Y6K0	CEPT1	416	3	4	2	
Q9Y6K1	DNMT3A	912	0	2	7	
Q9Y6K5	OAS3	1087	0	2	3	
Q9Y6Q9	NCOA3	1424	0	3	6	
Q9Y6W6	DUSP10	482	0	1	2	
Q9Y6X3	MAU2	613	1	1	1	
Q9Y6X8	ZHX2	837	0	1	3	
A0AA34QW00	LOC128031832	39	0	0	2	
I3L3L1	ARL17B	181	0	2	0	
O00411	POLRMT	1230	0	2	0	
O15164	TRIM24	1050	0	1	1	
O60244	MED14	1454	0	2	0	
O60308	CEP104	925	0	0	2	
O60828	PQBP1	265	0	2	0	
O75365	PTP4A3	173	0	1	1	
O75381	PEX14	377	0	1	0	
P04150	NR3C1	777	1	0	1	
P04264	KRT1	644	0	1	0	
P0CG12	DERPC	524	0	2	1	
P11912	CD79A	226	0	2	0	
P14151	SELL	372	0	2	0	
P19367	HK1	917	0	2	2	
P25685	DNAJB1	340	0	0	2	
P27635	RPL10	214	0	0	2	
P30307	CDC25C	473	0	0	2	
P31431	SDC4	198	0	1	1	
P33527	ABCC1	1531	0	2	0	
P48960	ADGRE5	835	0	0	3	
P49458	SRP9	86	0	1	2	
P49757	NUMB	651	0	2	1	
P49761	CLK3	490	0	3	1	
P49768	PSEN1	467	0	1	1	
P51790	CLCN3	818	0	2	2	
P51817	PRKX	358	0	2	0	
P55884	EIF3B	814	1	2	3	
P60059	SEC61G	68	1	1	0	
P78316	NOP14	857	0	0	2	
P78344	EIF4G2	907	0	1	1	
P83916	CBX1	185	0	0	4	
Q04721	NOTCH2	2471	0	1	0	
Q12899	TRIM26	539	0	1	1	
Q13057	COASY	564	1	2	0	
Q13233	MAP3K1	1512	1	0	1	
Q13247	SRSF6	344	1	2	4	
Q14687	GSE1	1217	0	2	2	
Q15813	TBCE	527	0	1	1	
Q2VPB7	AP5B1	878	0	0	2	
Q5J8M3	EMC4	183	0	1	1	
Q5TAA0	TTC22	569	1	1	1	
Q6ICG6	KIAA0930	404	0	0	2	
Q6IQ26	DENND5A	1287	0	0	2	
Q6PL18	ATAD2	1390	0	3	1	
Q6UX65	DRAM2	266	0	0	2	
Q6ZSC3	RBM43	357	0	1	2	
Q7KZI7	MARK2	788	1	1	0	
Q7Z4Q2	HEATR3	680	0	1	2	
Q7Z5Y7	KCTD20	419	0	0	2	
Q7Z7A1	CNTRL	2325	0	1	1	
Q86Y01	DTX1	620	0	0	2	
Q8IWB7	WDFY1	410	0	1	2	
Q8IY22	CMIP	773	0	2	0	
Q8N9R8	SCAI	606	0	0	2	
Q8NB78	KDM1B	822	0	1	1	
Q8NBP0	TTC13	860	0	1	2	
Q8NC51	SERBP1	408	0	0	2	
Q8TC12	RDH11	318	0	1	2	
Q8TF30	WHAMM	809	0	0	2	
Q8WWK9	CKAP2	683	0	0	2	
Q8WWQ0	PHIP	1821	0	2	1	
Q8WXR4	MYO3B	1341	0	1	1	
Q92521	PIGB	554	0	1	1	
Q92624	APPBP2	585	0	2	1	
Q92759	GTF2H4	462	0	1	1	
Q92794	KAT6A	2004	0	1	1	
Q92802	N4BP2L2	583	0	1	0	
Q92820	GGH	318	0	1	1	
Q92917	GPKOW	476	0	0	2	
Q96F86	EDC3	508	0	0	2	
Q96HJ3	CCDC34	373	0	1	1	
Q96JJ7	TMX3	454	0	2	0	
Q96K37	SLC35E1	410	1	0	1	
Q96MW5	COG8	612	2	2	1	
Q9BPX5	ARPC5L	153	0	0	2	
Q9BRQ8	AIFM2	373	0	0	2	
Q9BVP2	GNL3	549	0	2	0	
Q9BXR5	TLR10	811	0	4	2	
Q9C0J8	WDR33	1336	0	0	2	
Q9H3R5	CENPH	247	0	0	2	
Q9H4H8	FAM83D	585	0	1	1	
Q9H6V9	LDAH	325	0	2	1	
Q9H816	DCLRE1B	532	0	1	1	
Q9HC44	GPBP1L1	474	0	0	2	
Q9HCM1	RESF1	1747	0	1	1	
Q9NRC6	SPTBN5	3674	0	3	0	
Q9NRR5	UBQLN4	601	0	1	1	
Q9NRZ7	AGPAT3	376	0	1	1	
Q9NZK5	ADA2	511	0	0	1	
Q9NZM5	NOP53	478	0	0	2	
Q9P015	MRPL15	296	0	2	2	
Q9P0P0	RNF181	153	0	1	1	
Q9UBJ2	ABCD2	740	0	1	1	
Q9UHK6	AMACR	382	1	1	2	
Q9UJP4	KLHL21	597	0	1	1	
Q9UM82	SPATA2	520	0	0	2	
Q9UNQ2	DIMT1	313	0	0	2	
Q9Y2R2	PTPN22	807	0	0	2	
Q9Y2T6	GPR55	319	0	2	0	
Q9Y3D3	MRPS16	137	0	2	1	
Q9Y4W6	AFG3L2	797	1	2	1	
Q9Y5S9	RBM8A	174	0	1	2	
Q9Y6Y8	SEC23IP	1000	0	1	2	
C0HMA1	MIR155HG	17	0	0	2	
O60216	RAD21	631	1	3	4	
O95926	SYF2	243	0	0	2	
P39748	FEN1	380	0	0	2	
P81408	ENTREP3	668	1	1	1	
Q14571	ITPR2	2701	0	0	1	
Q2KHR3	QSER1	1735	1	1	1	
Q504Q3	PAN2	1202	0	0	2	
Q5BJD5	TMEM41B	291	0	0	1	
Q6PCD5	RFWD3	774	1	1	0	
Q6PIJ6	FBXO38	1188	0	0	1	
Q8NCW0	KREMEN2	462	0	1	1	
Q96KP1	EXOC2	924	0	2	0	
Q9BTY7	HGH1	390	0	0	1	
Q9H0P0	NT5C3A	336	1	1	1	
Q9UGL1	KDM5B	1544	0	0	2	
Q9UL03	INTS6	887	1	1	1	
C0HME6	RPL36	148	0	0	1	
E9PAV3	NACA	2078	2	1	5	
O14775	GNB5	395	0	1	1	
O43390	HNRNPR	633	1	1	1	
O60508	CDC40	579	0	0	1	
O60547	GMDS	372	0	1	1	
P02042	HBD	147	3	1	0	
P40692	MLH1	756	0	0	2	
P51812	RPS6KA3	740	0	0	1	
P55196	AFDN	1824	0	0	1	
P60174	TPI1	249	0	1	1	
P98194	ATP2C1	919	0	1	2	
Q13459	MYO9B	2157	1	1	1	
Q6ZUM4	ARHGAP27	889	0	1	1	
Q86YQ8	CPNE8	564	0	2	1	
Q8IX90	SKA3	412	0	1	2	
Q8N3J5	PPM1K	372	0	0	1	
Q96FC9	DDX11	970	0	0	1	
Q9BSK4	FEM1A	669	0	1	1	
Q9BTC8	MTA3	594	0	1	4	
Q9H400	LIME1	295	0	0	2	
Q9NQC3	RTN4	1192	0	1	1	
O00560	SDCBP	298	0	1	1	
O60318	MCM3AP	1980	0	0	2	
P48436	SOX9	509	1	1	3	
P49795	RGS19	217	0	1	2	
Q12815	TROAP	778	0	1	0	
Q2M2W7	C17orf58	339	0	1	1	
Q86VM9	ZC3H18	953	1	1	3	
Q8N0V3	RBFA	343	0	0	3	
Q9H9Y2	RPF1	349	0	1	0	
Q9P253	VPS18	973	0	1	1	
Q9Y620	RAD54B	910	0	0	1	
Q14240	EIF4A2	407	0	1	1	
Q8NE01	CNNM3	707	0	1	0	
Q92830	KAT2A	837	0	1	0	
Q96I24	FUBP3	572	0	1	1	
Q9UFF9	CNOT8	292	0	1	1	
Q9Y4G8	RAPGEF2	1499	0	0	1	
P62979	RPS27A	156	0	0	1	
Q03013	GSTM4	218	1	1	0	
Q13873	BMPR2	1038	0	1	1	
Q16594	TAF9	264	0	1	4	
Q96NL6	SCLT1	688	0	0	2	
Q9H0H3	KLHL25	589	0	0	2	
Q9H1A4	ANAPC1	1944	1	1	0	
Q9HCE0	EPG5	2579	0	1	0	
Q9NZD8	SPG21	308	0	1	0	
A6NFI3	ZNF316	1004	1	1	0	
O00308	WWP2	870	1	0	1	
P31150	GDI1	447	0	1	1	
P55039	DRG2	364	0	1	1	
P78312	FAM193A	1515	0	0	1	
Q13257	MAD2L1	205	0	0	2	
Q7Z2Z2	EFL1	1120	0	0	2	
Q8IUF1	ZNG1B	395	0	1	0	
Q9H0A8	COMMD4	199	0	1	1	
Q9Y6G5	COMMD10	202	0	1	2	
P08243	ASNS	561	0	0	2	
P33176	KIF5B	963	0	0	1	
P62136	PPP1CA	330	0	0	1	
Q6UWU4	C6orf89	347	1	0	2	
Q86YC3	NRROS	692	0	2	1	
Q8IWE5	PLEKHM2	1019	0	2	1	
Q8TAP8	PPP1R35	253	0	0	1	
Q96CQ1	SLC25A36	311	0	0	1	
Q99538	LGMN	433	0	1	1	
Q9H1J1	UPF3A	476	0	1	2	
Q9UQR1	ZNF148	794	0	1	2	
Q0PNE2	ELP6	266	0	1	0	
Q6F5E8	CARMIL2	1435	0	0	2	
Q7Z6B0	CCDC91	441	0	1	1	
Q96H96	COQ2	371	0	1	1	
Q9H000	MKRN2	416	0	0	2	
Q9ULC5	ACSL5	683	1	1	2	
Q9Y230	RUVBL2	463	1	2	3	
Q9Y4C1	KDM3A	1321	0	0	1	
Q9Y4H4	GPSM3	160	0	1	1	
O15524	SOCS1	211	1	1	3	
O75369	FLNB	2602	0	1	0	
O95571	ETHE1	254	0	0	1	
P08651	NFIC	508	0	1	0	
P13489	RNH1	461	0	0	2	
P19784	CSNK2A2	350	1	1	1	
P30511	HLA-F	346	1	0	0	
Q08170	SRSF4	494	0	0	1	
Q12792	TWF1	350	0	0	1	
Q8IZ83	ALDH16A1	802	0	0	2	
Q8N2R0	OSR2	312	0	0	1	
Q8WUZ0	BCL7C	217	0	1	1	
Q96LB3	IFT74	600	0	0	3	
P15735	PHKG2	406	0	0	1	
P46952	HAAO	286	2	1	3	
Q01201	RELB	579	0	1	0	
Q96PN7	TRERF1	1200	0	0	2	
Q9H4I3	TRABD	376	0	1	2	
Q13625	TP53BP2	1128	0	1	0	
Q9NZJ0	DTL	730	1	2	2	
Q9UBN7	HDAC6	1215	1	1	0	
A0JNW5	BLTP3B	1464	0	0	1	
O75691	UTP20	2785	0	0	2	
Q8TD17	ZNF398	642	0	0	1	
Q92823	NRCAM	1304	1	1	0	
Q9UQ49	NEU3	428	0	0	1	
O14715	RGPD8	1765	0	0	1	
P53801	PTTG1IP	180	0	1	2	
Q5VWP2	TENT5C	391	0	0	2	
Q6NUK4	REEP3	255	0	0	1	
Q7Z739	YTHDF3	585	0	1	0	
Q9NWK9	ZNHIT6	470	0	0	1	
O14734	ACOT8	319	0	1	1	
O75882	ATRN	1429	0	1	2	
Q5VTR2	RNF20	975	1	1	1	
Q96BX8	MOB3A	217	0	0	1	
P04843	RPN1	607	0	0	1	
Q13428	TCOF1	1488	1	1	0	
Q8N1G0	ZNF687	1237	0	0	1	
Q92543	SNX19	992	0	0	1	
A8MY62	LACTBL1	579	0	0	1	
P35869	AHR	848	0	1	0	
Q6NWY9	PRPF40B	871	0	0	1	
Q92685	ALG3	438	0	1	0	
Q93063	EXT2	718	1	1	1	
O76031	CLPX	633	0	1	0	
Q7LGA3	HS2ST1	356	0	0	2	
Q9Y265	RUVBL1	456	0	1	0	
Q99741	CDC6	560	0	0	1	
Q96ST3	SIN3A	1273	0	0	1	
Q9BUA3	SPINDOC	381	0	0	2	
Q9NSI6	BRWD1	2320	0	0	1	
Q6P179	ERAP2	960	1	0	0	
Q86X10	RALGAPB	1494	0	0	1	
Q8NFH3	NUP43	380	0	1	0	
Q96BD8	SKA1	255	0	0	1	
A0A024RBG1	NUDT4B	181	1	1	1	
A6NIE6	RRN3P2	340	0	0	1	
Q70J99	UNC13D	1090	0	0	1	
Q7Z2W4	ZC3HAV1	902	0	1	1	
Q9GZP4	PITHD1	211	0	0	2	
Q9NZW5	PALS2	540	1	1	1	
Q9UBE8	NLK	527	0	1	1	
O43414	ERI3	337	0	1	0	
P35611	ADD1	737	0	2	1	
P61421	ATP6V0D1	351	0	1	0	
Q9NYV4	CDK12	1490	0	1	2	
P54132	BLM	1417	0	1	0	
Q86SX3	TEDC1	495	0	0	1	
Q9Y320	TMX2	296	1	1	2	
Q9UNN5	FAF1	650	0	1	0	
O00541	PES1	588	1	0	0	
Q15072	ZNF146	292	1	0	0	
P46531	NOTCH1	2555	0	1	0	
Q8IZ52	CHPF	775	0	1	0	
Q96SB4	SRPK1	655	0	1	0	
Q9HBT7	ZNF287	761	0	1	0	
Q9BQ04	RBM4B	359	0	0	1	
Q9BXS5	AP1M1	423	1	1	1	
Q9GZR1	SENP6	1112	0	0	1	
Q9H5I1	SUV39H2	410	0	0	1	
Q9UNF0	PACSIN2	486	1	0	1	
O75150	RNF40	1001	0	1	0	
Q7Z3V4	UBE3B	1068	1	1	2	
O00507	USP9Y	2555	0	0	1	
Q53T94	TAF1B	588	1	0	1	
Q12955	ANK3	4377	1	0	0	
Q96EH5	RPL39L	51	0	1	0	
Q9UJ41	RABGEF1	491	0	0	2	
Q9UHA4	LAMTOR3	124	0	1	0	
Q96G91	P2RY11	374	0	1	0	
Q9NXR8	ING3	418	0	0	1	
P61201	COPS2	443	0	1	1	
Q06945	SOX4	474	0	1	1	
Q8IVG5	SAMD9L	1584	0	0	1	
Q9UH36	SRRD	339	0	1	1	
Q9H6A9	PCNX3	2034	1	2	1	
Q9NYF3	FAM53C	392	0	1	0	
P42681	TXK	527	0	1	0	
Q9BQ67	GRWD1	446	0	0	1	
O43474	KLF4	513	0	0	1	
Q9BQC3	DPH2	489	0	0	2	
Q9H2P0	ADNP	1102	0	0	1	
O95696	BRD1	1058	0	1	0	
P51793	CLCN4	760	0	0	2	
Q96JQ0	DCHS1	3298	0	1	0	
Q8IYH5	ZZZ3	903	0	0	1	
Q52LJ0	FAM98B	433	0	1	2	
Q5FWE3	PRRT3	981	0	0	1	
Q7Z3E1	TIPARP	657	0	0	1	
P09960	LTA4H	611	1	1	0	
P52789	HK2	917	0	0	1	
P34896	SHMT1	483	0	1	1	
P47929	LGALS7	136	1	1	0	
P62241	RPS8	208	1	1	0	
Q7L591	DOK3	496	0	2	0	
Q96RE7	NACC1	527	1	1	1	
Q9BWH2	FUNDC2	189	0	0	1	
Q9UGN5	PARP2	583	0	0	1	
Q9Y570	PPME1	386	0	0	1	
O75312	ZPR1	459	1	1	1	
P19484	TFEB	476	0	0	1	
P51116	FXR2	673	0	0	1	
Q09327	MGAT3	533	0	1	0	
Q9NPL8	TIMMDC1	285	0	0	1	
Q9NVC6	MED17	651	0	0	1	
O75569	PRKRA	313	0	0	1	
Q16629	SRSF7	238	0	1	1	
Q8WZ60	KLHL6	621	0	0	1	
Q969K3	RNF34	372	0	1	1	
Q969W3	VCF1	186	0	0	1	
Q96A26	FAM162A	154	0	0	1	
Q9H7L9	SUDS3	328	0	1	2	
P04049	RAF1	648	0	0	1	
P34947	GRK5	590	0	0	1	
Q14164	IKBKE	716	0	1	0	
Q8TB68	PRR7	274	1	1	1	
Q9BUI4	POLR3C	534	0	0	1	
Q9BV40	VAMP8	100	0	1	1	
Q9BZK7	TBL1XR1	514	0	0	1	
Q9UK76	JPT1	154	0	1	0	
A8MPP1	DDX11L8	907	3	5	2	
P15924	DSP	2871	1	1	0	
P16949	STMN1	149	0	1	0	
Q9HAF1	MEAF6	191	0	1	2	
Q9HAS0	C17orf75	396	0	1	1	
B7Z6K7	ZNF814	855	0	0	1	
Q86VQ1	GLCCI1	547	0	0	1	
Q86X53	ERICH1	443	0	1	1	
Q9BQ48	MRPL34	92	0	1	2	
Q9BT30	ALKBH7	221	0	0	1	
Q9BUG6	ZSCAN5A	496	0	0	1	
Q9C091	GREB1L	1923	0	1	0	
Q9NYL2	MAP3K20	800	0	0	1	
A0AV02	SLC12A8	714	0	0	1	
O96000	NDUFB10	172	0	1	0	
P20674	COX5A	150	0	1	1	
Q86VS8	HOOK3	718	0	1	1	
Q8NFY9	KBTBD8	601	0	0	1	
Q9GZZ1	NAA50	169	0	1	0	
Q9H7U1	CCSER2	834	0	1	1	
P09668	CTSH	335	0	1	0	
P16152	CBR1	277	1	1	0	
Q9BXW7	HDHD5	423	0	1	0	
Q9NU19	TBC1D22B	505	0	1	0	
O75368	SH3BGRL	114	0	0	1	
Q9NVM9	INTS13	706	0	0	2	
Q9P021	CRIPT	101	0	1	1	
O94887	FARP2	1054	0	1	0	
P07476	IVL	585	2	1	1	
P40926	MDH2	338	1	1	0	
Q15326	ZMYND11	602	1	1	0	
Q8IVP9	ZNF547	402	1	2	1	
Q9NUP7	TRMT13	481	0	1	1	
Q3LXA3	TKFC	575	0	0	1	
Q8NB37	GATD1	220	0	0	1	
Q9UN81	L1RE1	338	0	1	1	
O75348	ATP6V1G1	118	0	1	0	
O95067	CCNB2	398	1	0	2	
O95759	TBC1D8	1140	0	1	0	
Q13177	PAK2	524	0	0	2	
Q7RTN6	STRADA	431	0	0	1	
Q99439	CNN2	309	0	1	2	
Q9BPW8	NIPSNAP1	284	0	1	0	
Q9Y236	OSGIN2	505	0	0	1	
O95081	AGFG2	481	0	1	0	
P50453	SERPINB9	376	0	1	1	
P55345	PRMT2	433	0	0	1	
P56181	NDUFV3	108	1	2	0	
Q5T4F4	ZFYVE27	411	0	1	0	
Q9BXS4	TMEM59	323	0	1	0	
Q9NUP1	BLOC1S4	217	0	0	1	
Q9Y2V7	COG6	657	0	1	0	
P41440	SLC19A1	591	0	0	1	
Q9Y3P8	SIT1	196	0	0	1	
P23526	AHCY	432	0	0	1	
Q6ZNJ1	NBEAL2	2754	0	0	2	
P10599	TXN	105	0	1	1	
Q08257	CRYZ	329	0	1	0	
Q15527	SURF2	256	0	0	1	
Q6P5S7	RNASEK	137	0	1	1	
A0PJX4	SHISA3	238	0	0	1	
P17174	GOT1	413	0	0	2	
P28289	TMOD1	359	0	1	0	
P38398	BRCA1	1863	0	0	1	
P38646	HSPA9	679	0	1	0	
Q32P28	P3H1	736	1	1	0	
Q96CV9	OPTN	577	0	0	1	
Q9H8W3	FAM204A	233	0	0	1	
P43034	PAFAH1B1	410	1	1	0	
Q17RN3	FAM98C	349	1	1	1	
Q96D71	REPS1	796	0	0	1	
Q96S38	RPS6KC1	1066	0	0	1	
O75129	ASTN2	1339	0	1	1	
O75940	SMNDC1	238	0	0	1	
Q0VG06	FAAP100	881	0	0	1	
Q6GPH4	XAF1	301	0	0	1	
Q6P1J9	CDC73	531	0	1	1	
Q9UL63	MKLN1	735	4	2	2	
Q15392	DHCR24	516	0	1	0	
Q96SY0	INTS14	518	0	0	1	
Q9NP66	HMG20A	347	0	0	1	
Q13287	NMI	307	1	1	0	
Q70HW3	SLC25A26	274	0	0	1	
Q9UIJ7	AK3	227	0	0	1	
O96005	CLPTM1	669	0	1	0	
Q04837	SSBP1	148	1	1	0	
Q9NQ88	TIGAR	270	0	1	0	
Q9NX24	NHP2	153	1	1	0	
Q9Y6D5	ARFGEF2	1785	0	1	0	
Q8TEA8	DTD1	209	0	0	1	
P14406	COX7A2	83	1	1	0	
P52565	ARHGDIA	204	0	0	1	
P56134	ATP5MF	94	0	0	1	
Q9NRK6	ABCB10	738	0	1	1	
Q9UDY4	DNAJB4	337	0	0	1	
Q86XZ4	SPATS2	545	0	0	1	
Q96EY5	MVB12A	273	0	1	1	
O00623	PEX12	359	0	0	1	
P53582	METAP1	386	1	1	0	
Q09019	DMWD	674	0	1	1	
Q5JVS0	HABP4	413	0	0	1	
P00813	ADA	363	0	0	1	
Q9NWF9	RNF216	866	1	1	0	
P63313	TMSB10	44	0	1	1	
Q6PJF5	RHBDF2	856	0	0	1	
Q6ZUI0	TPRG1	275	0	0	1	
Q9BUV0	RSRP1	290	0	0	1	
Q14247	CTTN	550	0	0	1	
Q96ST2	IWS1	819	0	0	1	
O43679	LDB2	373	0	0	1	
Q66K14	TBC1D9B	1250	0	0	1	
Q96FX7	TRMT61A	289	0	0	1	
O15382	BCAT2	392	0	0	1	
P19440	GGT1	569	0	1	0	
Q16513	PKN2	984	0	0	1	
Q5MNZ6	WDR45B	344	0	1	0	
Q8TA86	RP9	221	0	0	2	
Q9H1I8	ASCC2	757	0	1	1	
Q12852	MAP3K12	859	0	0	1	
Q5SNT2	TMEM201	666	0	1	1	
P30825	SLC7A1	629	0	0	1	
P47992	XCL1	114	0	0	1	
P82933	MRPS9	396	0	1	0	
Q92734	TFG	400	0	0	1	
Q9NU23	LYRM2	88	0	0	2	
O75063	FAM20B	409	0	0	1	
Q9C0B7	TANGO6	1094	0	0	1	
O14879	IFIT3	490	0	1	0	
P07737	PFN1	140	2	1	0	
P23368	ME2	584	1	1	0	
P53814	SMTN	917	0	0	1	
Q5JRX3	PITRM1	1037	0	0	1	
Q9UJA3	MCM8	840	0	1	0	
O75346	ZNF253	499	0	1	0	
O75446	SAP30	220	0	0	1	
P46108	CRK	304	0	1	1	
Q5T7M9	DIPK1A	428	0	1	0	
P07384	CAPN1	714	0	0	1	
Q9BRR6	ADPGK	497	1	1	2	
Q13015	MLLT11	90	0	0	1	
Q86WJ1	CHD1L	897	1	1	1	
Q8IYD8	FANCM	2048	0	0	1	
P08397	HMBS	361	0	0	1	
P40818	USP8	1118	1	1	0	
Q14699	RFTN1	578	2	1	1	
Q96LC9	BMF	184	1	1	1	
O14530	TXNDC9	226	0	1	1	
P50452	SERPINB8	374	0	0	2	
Q8IY18	SMC5	1101	0	1	0	
Q14149	MORC3	939	0	0	1	
Q8TD47	RPS4Y2	263	1	1	1	
Q9UNL2	SSR3	185	1	0	1	
P07359	GP1BA	652	0	0	1	
Q5MIZ7	PPP4R3B	849	0	1	2	
O95747	OXSR1	527	0	0	1	
Q68EM7	ARHGAP17	881	0	0	1	
Q8WVQ1	CANT1	401	0	0	2	
Q9UBK9	UXT	157	3	2	1	
Q9UJA5	TRMT6	497	1	1	1	
O15417	TNRC18	2968	0	0	1	
P46019	PHKA2	1235	0	0	1	
Q53EP0	FNDC3B	1204	0	0	1	
O60678	PRMT3	531	0	0	1	
Q16553	LY6E	131	0	0	1	
Q9NQR4	NIT2	276	1	1	1	
P17812	CTPS1	591	1	1	2	
O00193	SMAP	183	0	0	1	
O00567	NOP56	594	1	1	1	
O75177	SS18L1	396	0	1	1	
P40925	MDH1	334	0	0	1	
Q12874	SF3A3	501	1	1	1	
Q96J42	TXNDC15	360	0	0	1	
Q96JP5	ZFP91	570	0	0	1	
Q99704	DOK1	481	0	0	1	
Q9BV99	LRRC61	259	0	0	1	
Q9NR77	PXMP2	195	1	1	2	
Q9NTK5	OLA1	396	0	0	1	
P01583	IL1A	271	0	0	1	
Q9H257	CARD9	536	0	1	1	
Q9NZZ3	CHMP5	219	2	1	1	
Q9BYN8	MRPS26	205	0	0	1	
Q02750	MAP2K1	393	0	1	1	
Q14162	SCARF1	830	0	0	1	
Q6FIF0	ZFAND6	208	0	1	2	
Q6ZRQ5	MMS22L	1243	0	1	1	
Q9BZQ8	NIBAN1	928	0	0	1	
P31512	FMO4	558	2	2	0	
P39210	MPV17	176	0	1	1	
Q08752	PPID	370	0	0	1	
O14802	POLR3A	1390	0	1	0	
Q9UFG5	C19orf25	118	0	1	0	
P27361	MAPK3	379	1	2	1	
P52803	EFNA5	228	0	1	1	
Q14526	HIC1	733	1	1	0	
Q6ZNA4	RNF111	994	1	1	0	
Q96S44	TP53RK	253	1	1	1	
Q9H5U6	ZCCHC4	513	0	0	1	
Q9NPF4	OSGEP	335	0	0	1	
Q8IUX1	TMEM126B	230	1	1	0	
Q8N6N2	TTC9B	239	0	1	2	
Q9Y6B2	EID1	187	0	1	0	
P61289	PSME3	254	0	1	1	
P58005	SESN3	492	0	1	2	
Q7Z333	SETX	2677	0	0	1	
Q9H3E2	SNX25	840	0	2	1	
Q9NVS2	MRPS18A	196	0	0	1	
O75935	DCTN3	186	1	1	0	
O76075	DFFB	338	0	0	1	
P11182	DBT	482	0	0	1	
P30533	LRPAP1	357	0	0	1	
Q15796	SMAD2	467	2	2	2	
A6NFQ2	TCAF2	919	0	1	0	
P62495	ETF1	437	0	1	0	
Q9H3H1	TRIT1	467	1	2	1	
Q9H3L0	MMADHC	296	0	1	0	
Q8WUB8	PHF10	498	0	0	1	
O14745	NHERF1	358	0	0	1	
Q13608	PEX6	980	0	1	0	
Q5K651	SAMD9	1589	1	1	0	
Q9ULI3	HEG1	1381	0	1	0	
O00444	PLK4	970	0	1	1	
P56962	STX17	302	0	1	1	
Q56NI9	ESCO2	601	0	0	1	
O75330	HMMR	724	0	1	0	
Q6UWE0	LRSAM1	723	0	1	1	
O75616	ERAL1	437	0	0	1	
Q86VD7	SLC25A42	318	1	1	0	
Q9NVD3	SETD4	440	0	0	1	
Q13572	ITPK1	414	1	1	0	
Q5TBB1	RNASEH2B	312	0	1	0	
Q9NW61	PLEKHJ1	149	0	1	1	
Q9Y5T5	USP16	823	0	0	1	
Q16656	NRF1	503	0	0	1	
Q9HCL3	ZFP14	533	0	1	1	
Q9NUA8	ZBTB40	1239	0	0	1	
Q16514	TAF12	161	0	1	0	
Q9H672	ASB7	318	0	0	1	
Q9UHJ6	SHPK	478	1	1	1	
O00458	IFRD1	451	0	0	1	
P10768	ESD	282	1	1	1	
O00488	ZNF593	134	0	1	1	
O15228	GNPAT	680	0	0	1	
P62328	TMSB4X	44	0	1	0	
O43257	ZNHIT1	154	0	0	1	
P41743	PRKCI	596	0	1	1	
P61088	UBE2N	152	0	1	0	
Q8WU10	PYROXD1	500	0	0	2	
O15265	ATXN7	892	1	1	0	
O95721	SNAP29	258	1	1	0	
Q13472	TOP3A	1001	0	1	0	
Q6YI46	TMEM64	380	0	1	0	
Q6ZSR9		355	0	0	1	
Q9BW71	HIRIP3	556	0	0	1	
A2A288	ZC3H12D	527	1	1	1	
O43526	KCNQ2	872	0	1	1	
Q9NRV9	HEBP1	189	0	0	1	
O43502	RAD51C	376	0	1	0	
Q27J81	INF2	1249	0	0	1	
Q96PP8	GBP5	586	0	1	0	
Q9UIL1	SCOC	159	0	0	1	
Q5BLP8	NICOL1	95	0	0	1	
Q8IXT5	RBM12B	1001	0	1	0	
Q96NY7	CLIC6	704	0	1	0	
O14776	TCERG1	1098	0	1	0	
P06340	HLA-DOA	250	1	0	2	
Q05519	SRSF11	484	1	1	0	
Q69YH5	CDCA2	1023	0	2	0	
Q9P0M9	MRPL27	148	0	0	1	
O15121	DEGS1	323	2	2	4	
O75934	BCAS2	225	0	0	1	
P32929	CTH	405	2	1	2	
Q8TE02	ELP5	300	0	1	1	
O43147	SGSM2	1006	0	1	0	
Q9H5V7	IKZF5	419	0	0	1	
Q9NX40	OCIAD1	245	0	0	1	
O00116	AGPS	658	0	0	1	
P62847	RPS24	133	0	1	0	
O15144	ARPC2	300	0	1	1	
O15172	PSPHP1	72	0	1	0	
P98182	ZNF200	395	0	1	0	
Q9Y6E2	BZW2	419	1	1	0	
O14862	AIM2	343	0	0	1	
P32119	PRDX2	198	0	1	0	
Q9BVT8	TMUB1	246	0	1	0	
C9JLW8	MCRIP1	97	0	1	1	
P14735	IDE	1019	0	0	1	
P62952	BLCAP	87	1	1	1	
Q8WWP7	GIMAP1	306	0	1	0	
Q9Y6W3	CAPN7	813	0	0	1	
Q15800	MSMO1	293	0	1	0	
Q3KQV3	ZNF792	632	1	2	1	
Q6UXI9	NPNT	565	0	0	1	
Q9BXL7	CARD11	1154	1	1	1	
Q9NUW8	TDP1	608	1	1	1	
Q86TL2	STIMATE	294	0	1	0	
Q9H9T3	ELP3	547	1	1	1	
Q92843	BCL2L2	193	0	1	0	
Q96A47	ISL2	359	0	0	1	
P48454	PPP3CC	512	2	1	1	
P78368	CSNK1G2	415	0	0	1	
P56559	ARL4C	192	0	0	1	
Q6IE81	JADE1	842	0	1	0	
Q96M94	KLHL15	604	0	0	1	
Q9P086	MED11	117	0	1	0	
Q9UPN6	SCAF8	1271	0	1	0	
O43427	FIBP	364	1	1	1	
Q9BRB3	PIGQ	760	1	1	0	
P29692	EEF1D	281	0	1	0	
Q9Y2L8	ZKSCAN5	839	0	0	1	
O94889	KLHL18	574	1	1	0	
P98170	XIAP	497	0	0	1	
Q9UEE9	CFDP1	299	0	0	1	
Q9Y5Z7	HCFC2	792	0	1	0	
O14757	CHEK1	476	1	2	1	
Q8TF01	PNISR	805	1	1	0	
Q9H074	PAIP1	479	0	0	1	
A6NHQ4	EPOP	379	0	0	2	
Q5QP82	DCAF10	559	0	0	1	
P13473	LAMP2	410	1	1	0	
Q96P16	RPRD1A	312	0	1	0	
P49755	TMED10	219	0	2	7	
P10147	CCL3	92	0	0	1	
P25774	CTSS	331	0	0	1	
Q00978	IRF9	393	1	1	1	
P23511	NFYA	347	1	1	0	
P30536	TSPO	169	0	1	0	
Q92878	RAD50	1312	1	1	0	
Q96N96	SPATA13	652	0	1	1	
P17676	CEBPB	345	0	0	1	
P99999	CYCS	105	2	1	1	
Q8N3J3	HROB	647	0	0	1	
Q9UHY1	NRBP1	535	0	1	0	
Q9UPQ8	DOLK	538	2	1	1	
Q32MH5	ATOSA	1076	0	0	1	
Q8TF20	ZNF721	911	0	0	1	
Q9NX63	CHCHD3	227	0	0	1	
Q9Y3A3	MOB4	225	0	0	1	
Q66GS9	CEP135	1140	0	0	1	
Q9HBM0	VEZT	779	1	1	1	
Q9UQ13	SHOC2	582	0	1	0	
Q5M775	SPECC1	1068	0	0	1	
Q5TC82	RC3H1	1133	0	0	2	
Q9UIQ6	LNPEP	1025	1	1	0	
Q8TEV9	SMCR8	937	0	1	0	
Q96QK1	VPS35	796	0	1	0	
O14617	AP3D1	1153	0	0	1	
O94766	B3GAT3	335	0	0	1	
Q12849	GRSF1	480	0	0	1	
Q8IV04	TBC1D10C	446	0	0	1	
Q969E2	SCAMP4	229	0	0	1	
Q01469	FABP5	135	0	0	1	
Q13443	ADAM9	819	0	0	1	
Q96AJ9	VTI1A	217	0	0	1	
Q9NTI7	INKA2	297	0	0	1	
Q8IWA0	WDR75	830	0	0	1	
Q96HC4	PDLIM5	596	0	1	0	
Q9NWZ3	IRAK4	460	0	1	0	
Q9NYR9	NKIRAS2	191	0	0	1	
A2RTX5	TARS3	802	1	1	1	
O14777	NDC80	642	0	1	0	
Q9H0A9	SPATC1L	340	0	0	1	
O95613	PCNT	3336	0	1	0	
P50579	METAP2	478	0	1	0	
Q96SK2	TMEM209	561	0	1	0	
Q9NWQ9	C14orf119	140	1	1	0	
O43823	AKAP8	692	0	1	0	
P09496	CLTA	248	0	1	1	
P54259	ATN1	1190	1	0	1	
Q8IWA5	SLC44A2	706	0	0	1	
Q96NC0	ZMAT2	199	1	1	0	
Q9BVW5	TIPIN	301	1	4	0	
Q9UMS0	NFU1	254	0	0	1	
Q9Y6A4	CFAP20	193	0	1	0	
P56524	HDAC4	1084	0	1	1	
Q6ZN18	AEBP2	517	0	1	0	
O15066	KIF3B	747	0	0	1	
P84085	ARF5	180	1	1	0	
Q96Q11	TRNT1	434	0	1	0	
P05496	ATP5MC1	136	0	1	1	
P16298	PPP3CB	524	2	1	1	
Q9H165	BCL11A	835	1	1	1	
O75190	DNAJB6	326	0	1	0	
P60900	PSMA6	246	0	1	0	
Q8NEY8	PPHLN1	458	0	0	1	
Q96CM3	RPUSD4	377	0	1	1	
Q00577	PURA	322	0	1	1	
Q4AC94	C2CD3	2353	0	1	0	
Q96QK8	SMIM14	99	0	0	1	
Q96EV2	RBM33	1170	0	0	1	
O76080	ZFAND5	213	0	0	1	
P01019	AGT	476	0	0	6	
Q8WY98	TMEM234	164	1	1	0	
Q86TI0	TBC1D1	1168	0	1	0	
Q8WU79	SMAP2	429	0	1	0	
Q92552	MRPS27	414	0	1	1	
Q9NZN8	CNOT2	540	0	1	0	
P55011	SLC12A2	1212	0	0	1	
Q9H6F2	TMEM38A	299	2	2	0	
Q14139	UBE4A	1066	0	0	1	
Q9NR48	ASH1L	2969	0	1	1	
Q9UBF8	PI4KB	816	0	0	1	
Q00688	FKBP3	224	0	1	1	
Q14154	DELE1	515	0	0	1	
Q9BZL6	PRKD2	878	0	1	0	
Q9HBM1	SPC25	224	0	0	1	
P55197	MLLT10	1068	0	0	1	
P81274	GPSM2	684	0	2	0	
Q4AE62	QTMAN	458	0	0	1	
Q9BTU6	PI4K2A	479	0	1	1	
Q9NVA1	UQCC1	299	1	1	1	
O75746	SLC25A12	678	0	1	0	
P48169	GABRA4	554	0	1	0	
Q86XF0	DHFR2	187	1	1	1	
Q8N4B5	PRR18	295	0	0	1	
Q96C90	PPP1R14B	147	0	0	1	
Q96HQ2	CDKN2AIPNL	116	0	1	0	
Q9C0B1	FTO	505	1	1	2	
Q9ULT0	TTC7A	858	0	2	0	
Q9Y6J9	TAF6L	622	1	1	1	
P50542	PEX5	639	1	2	0	
Q13769	THOC5	683	1	1	0	
O43159	RRP8	456	0	1	0	
Q14376	GALE	348	0	1	1	
A8MTT3	CEBPZOS	80	1	1	0	
Q9Y2Y0	ARL2BP	163	1	1	0	
O00151	PDLIM1	329	0	1	0	
Q6SPF0	SAMD1	538	0	0	1	
Q8N2I2	ZNF619	560	0	0	1	
O43298	ZBTB43	467	0	0	1	
P21291	CSRP1	193	0	0	1	
Q5JVL4	EFHC1	640	0	1	2	
Q86XK2	FBXO11	927	0	1	0	
Q9UK73	FEM1B	627	0	1	0	
P78371	CCT2	535	0	1	1	
Q86WT1	IFT70A	665	0	1	0	
Q9UMS4	PRPF19	504	1	1	1	
Q9H1C4	UNC93B1	597	1	1	1	
Q9NX38	ABITRAM	181	0	0	1	
Q9UNH7	SNX6	406	0	0	1	
Q8TCT8	SPPL2A	520	0	0	1	
Q9NXS2	QPCTL	382	0	1	0	
Q9NZL9	MAT2B	334	0	1	0	
Q9NWB7	IFT57	429	0	1	1	
Q12851	MAP4K2	820	0	0	1	
P49336	CDK8	464	0	1	0	
Q8IY26	PLPP6	295	0	1	0	
Q8NBU5	ATAD1	361	0	0	2	
Q8TBZ8	ZNF564	553	0	1	1	
Q969H0	FBXW7	707	0	0	1	
P83436	COG7	770	0	0	1	
Q04656	ATP7A	1500	0	1	1	
Q9Y282	ERGIC3	383	0	1	1	
O00443	PIK3C2A	1686	0	1	0	
Q15020	SART3	963	0	1	1	
Q5QJE6	DNTTIP2	756	1	1	1	
Q6NUM6	TYW1B	668	0	1	1	
O94830	DDHD2	711	0	0	1	
O95620	DUS4L	317	0	1	0	
P31948	STIP1	543	0	0	1	
Q9NXH9	TRMT1	659	1	1	0	
O14602	EIF1AY	144	0	1	1	
P05198	EIF2S1	315	0	0	1	
Q9NP58	ABCB6	842	0	0	1	
O94898	LRIG2	1065	1	1	0	
Q8TCT0	CERK	537	0	1	1	
A0A096LP01	SMIM26	95	0	1	0	
Q13444	ADAM15	863	0	1	0	
Q08623	PUDP	228	0	0	1	
Q96BQ5	CCDC127	260	1	1	2	
Q9UHP3	USP25	1055	0	1	1	
Q2LD37	BLTP1	5005	0	1	0	
Q9Y6G1	TMEM14A	99	0	1	0	
Q9BWS9	CHID1	393	0	0	1	
O43934	MFSD11	449	0	0	1	
Q15788	NCOA1	1441	0	0	1	
Q9Y2U5	MAP3K2	619	0	0	1	
O15116	LSM1	133	0	1	0	
P15153	RAC2	192	0	0	1	
Q7Z7E8	UBE2Q1	422	1	1	0	
Q9Y221	NIP7	180	0	0	1	
Q13564	NAE1	534	0	1	1	
A6NCL7	ANKRD33B	494	0	2	0	
Q13118	KLF10	480	1	1	1	
O00764	PDXK	312	0	1	0	
Q8WVI0	UQCC5	70	0	1	0	
Q9H649	NSUN3	340	0	1	0	
O75146	HIP1R	1068	0	1	0	
Q96EU6	RRP36	259	2	1	0	
Q9NWX5	ASB6	421	0	1	0	
O15379	HDAC3	428	0	0	1	
Q14978	NOLC1	699	0	0	1	
Q8IVB5	LIX1L	337	0	1	0	
Q6QNY0	BLOC1S3	202	0	0	1	
Q9BQ61	TRIR	176	1	1	0	
O00178	GTPBP1	669	0	0	1	
Q09161	NCBP1	790	1	1	1	
Q9Y5X2	SNX8	465	0	0	1	
O75410	TACC1	805	0	1	0	
E0CX11	STMP1	47	1	0	0	
O75955	FLOT1	427	0	1	0	
Q92696	RABGGTA	567	0	1	0	
Q96N46	TTC14	770	0	1	1	
Q86W56	PARG	976	0	1	0	
Q96BY7	ATG2B	2078	0	0	1	
P07686	HEXB	556	1	2	1	
Q9P0J1	PDP1	537	0	1	0	
Q9UKK9	NUDT5	219	0	0	1	
Q9Y3F4	STRAP	350	0	1	0	
Q16236	NFE2L2	605	0	1	1	
Q5T0U0	CCDC122	273	0	0	1	
Q9P2Y5	UVRAG	699	0	0	1	
A0A9L9PY65		97	0	1	0	
P15036	ETS2	469	0	1	1	
Q8NCE0	TSEN2	465	0	0	1	
Q9BST9	RTKN	563	1	1	1	
O43292	GPAA1	621	0	1	0	
Q9BYI3	HYCC1	521	0	0	1	
A0A8I5QKQ9		130	0	0	1	
O15033	AREL1	823	1	1	1	
Q07817	BCL2L1	233	0	0	1	
Q3KQV9	UAP1L1	507	0	0	1	
Q7Z7L9	ZSCAN2	614	0	1	0	
Q6PK81	ZNF773	442	1	1	2	
Q86YE8	ZNF573	665	0	1	1	
Q9BQB6	VKORC1	163	0	1	1	
Q8N2K1	UBE2J2	259	0	1	1	
Q8NCA5	FAM98A	518	0	0	1	
Q9HCE7	SMURF1	757	0	1	1	
P30044	PRDX5	214	0	0	1	
Q9H0E2	TOLLIP	274	0	0	1	
Q9NVN8	GNL3L	582	0	1	1	
Q9UK97	FBXO9	447	0	1	1	
O43237	DYNC1LI2	492	0	1	0	
O75037	KIF21B	1637	0	0	1	
Q8WWB7	GLMP	406	0	0	1	
Q5VST6	ABHD17B	288	1	1	0	
Q9GZT3	SLIRP	109	0	1	1	
Q96JG6	VPS50	964	1	1	1	
Q9UN37	VPS4A	437	0	0	1	
O94805	ACTL6B	426	1	0	0	
O95136	S1PR2	353	0	0	1	
O95754	SEMA4F	770	0	0	1	
O14686	KMT2D	5537	1	1	1	
Q96HR3	MED30	178	1	1	0	
P24539	ATP5PB	256	0	1	2	
Q10469	MGAT2	447	1	1	1	
O95400	CD2BP2	341	0	1	0	
P52788	SMS	366	1	1	1	
P82650	MRPS22	360	0	0	2	
Q7Z7F7	MRPL55	128	0	1	0	
Q9H1K1	ISCU	167	0	0	1	
Q16576	RBBP7	425	0	1	0	
P42336	PIK3CA	1068	0	0	1	
Q8N668	COMMD1	190	0	1	0	
Q96HE8	TMEM80	143	0	1	0	
Q9UI30	TRMT112	125	0	1	1	
P02647	APOA1	267	0	1	0	
Q8TEQ8	PIGO	1089	2	2	2	
Q9BUN1	MENT	341	0	1	0	
P48723	HSPA13	471	0	0	1	
Q8TF50	ZNF526	670	1	2	0	
Q3ZCQ8	TIMM50	353	1	2	2	
Q9H078	CLPB	707	0	1	1	
O95347	SMC2	1197	0	1	0	
P15692	VEGFA	395	0	0	1	
P35580	MYH10	1976	0	0	1	
Q9BUR5	APOO	198	0	1	1	
P11766	ADH5	374	0	1	1	
Q9HB65	ELL3	397	0	1	1	
P06744	GPI	558	0	0	1	
Q5JPH6	EARS2	523	0	0	1	
P19634	SLC9A1	815	0	0	1	
Q9UJX4	ANAPC5	755	0	1	0	
P48380	RFX3	749	0	1	1	
Q9ULR0	ISY1	285	0	1	1	
Q5VYV7	SLX4IP	408	0	1	0	
O15347	HMGB3	200	0	0	1	
Q9NPA8	ENY2	101	0	1	1	
Q04725	TLE2	743	0	0	1	
Q15386	UBE3C	1083	0	0	1	
Q8N0X2	SPAG16	631	0	1	0	
Q86VD9	PIGZ	579	0	1	0	
Q9Y6C9	MTCH2	303	0	1	1	
P26640	VARS1	1264	0	0	1	
Q8IVW6	ARID3B	561	0	0	1	
Q8NC96	NECAP1	275	0	1	0	
Q8N5I4	DHRSX	330	1	1	0	
P46939	UTRN	3433	0	1	0	
Q7Z2F6	KRABD5	126	0	1	0	
Q8NHP8	PLBD2	589	0	0	1	
Q9HD40	SEPSECS	501	0	1	0	
Q8IUI8	CRLF3	442	0	1	0	
Q9UBW7	ZMYM2	1377	0	0	1	
Q9UNH5	CDC14A	594	0	0	1	
Q96A46	SLC25A28	364	0	0	1	
Q96EL2	MRPS24	167	0	0	1	
Q13519	PNOC	176	0	0	1	
Q86XR8	CEP57	500	0	0	1	
Q15078	CDK5R1	307	0	0	1	
O95848	NUDT14	222	2	1	2	
O14981	BTAF1	1849	0	1	1	
Q9NRJ4	TULP4	1543	0	0	1	
P08236	GUSB	651	0	1	0	
Q8TF42	UBASH3B	649	0	0	1	
Q9Y6X2	PIAS3	628	0	0	1	
P48634	PRRC2A	2157	1	0	1	
Q13085	ACACA	2346	0	1	0	
Q86XI8	ZSWIM9	627	0	0	1	
Q9BRT2	UQCC2	126	0	1	1	
O14727	APAF1	1248	0	1	0	
Q96JM7	L3MBTL3	780	0	1	0	
Q86WN1	FCHSD1	690	0	1	1	
Q8NBJ5	COLGALT1	622	0	0	1	
Q86Y97	KMT5C	462	0	1	1	
Q9Y275	TNFSF13B	285	0	1	0	
P98153	DGCR2	550	0	1	1	
Q86YV9	HPS6	775	2	1	2	
Q14677	CLINT1	625	0	0	1	
Q96FZ2	HMCES	354	0	1	0	
P30520	ADSS2	456	0	1	1	
Q96B23	ARK2N	404	0	1	1	
Q96IZ0	PAWR	340	0	0	1	
Q9NVR5	DNAAF2	837	1	1	1	
Q07021	C1QBP	282	1	1	1	
Q96L73	NSD1	2696	0	0	1	
Q9UPR3	SMG5	1016	0	1	0	
P61966	AP1S1	158	0	1	0	
P16070	CD44	742	0	0	1	
P23743	DGKA	735	0	1	0	
P50591	TNFSF10	281	0	1	1	
Q9BVI4	NOC4L	516	1	1	1	
Q9H6P5	TASP1	420	0	0	1	
Q9HCE5	METTL14	456	0	0	1	
Q9BY32	ITPA	194	0	0	1	
Q9NZC3	GDE1	331	0	0	1	
O75438	NDUFB1	58	0	1	0	
Q5SWA1	PPP1R15B	713	0	0	1	
Q9NRC8	SIRT7	400	0	1	0	
A5PLN9	TRAPPC13	417	0	0	1	
P10124	SRGN	158	0	0	1	
P22033	MMUT	750	0	1	1	
Q92733	PRCC	491	1	0	1	
Q15652	JMJD1C	2540	0	1	0	
P15531	NME1	152	0	0	3	
Q99640	PKMYT1	499	0	1	1	
P08240	SRPRA	638	0	1	0	
Q96EY9	ADAT3	367	0	0	1	
P01920	HLA-DQB1	261	0	1	0	
P21281	ATP6V1B2	511	0	0	1	
Q6NVY1	HIBCH	386	0	0	1	
Q8N0W3	FCSK	1084	0	0	1	
Q9ULZ2	STAP1	295	0	1	0	
O00186	STXBP3	592	0	1	0	
P31939	ATIC	592	0	0	1	
Q9UGI0	ZRANB1	708	0	1	0	
P31941	APOBEC3A	199	0	0	1	
Q8N448	LNX2	690	0	1	0	
Q9NRR4	DROSHA	1374	0	0	1	
Q8WVV5	BTN2A2	523	0	1	0	
Q9HCU8	POLD4	107	0	1	0	
P19532	TFE3	575	0	1	0	
Q13823	GNL2	731	0	0	1	
Q6SJ93	FAM111B	734	0	1	1	
Q9BYH8	NFKBIZ	718	0	0	1	
O14974	PPP1R12A	1030	0	1	0	
Q9Y5Q8	GTF3C5	519	0	0	1	
Q53ET0	CRTC2	693	0	1	1	
Q5SQI0	ATAT1	421	0	1	0	
Q8IZK6	MCOLN2	566	0	0	1	
Q9ULM3	YEATS2	1422	0	0	1	
O14561	NDUFAB1	156	0	1	0	
Q99941	ATF6B	703	0	1	0	
P21580	TNFAIP3	790	0	1	0	
Q9BSF4	TIMM29	260	1	0	0	
O95707	POP4	220	0	1	0	
Q02040	AKAP17A	695	0	0	1	
Q9H7Z3	NRDE2	1164	0	0	1	
P49682	CXCR3	368	1	1	2	
P53602	MVD	400	0	1	0	
Q8WUF5	PPP1R13L	828	0	0	1	
Q92902	HPS1	700	0	0	2	
Q9UKI8	TLK1	766	0	0	1	
O14936	CASK	926	0	0	2	
Q8WY91	THAP4	577	0	0	1	
Q9Y484	WDR45	360	0	0	1	
O95479	H6PD	791	0	0	1	
P53985	SLC16A1	500	0	1	0	
Q9BU23	LMF2	707	0	0	2	
P51570	GALK1	392	0	1	1	
Q9GZY6	LAT2	243	1	0	0	
P17097	ZNF7	686	0	0	1	
Q13561	DCTN2	401	0	0	2	
O15217	GSTA4	222	1	0	0	
Q9H040	SPRTN	489	0	1	0	
Q9Y5P8	PPP2R3B	575	0	0	1	
Q5VUJ6	LRCH2	765	0	0	1	
P28749	RBL1	1068	0	0	1	
Q7L2H7	EIF3M	374	0	1	0	
P52756	RBM5	815	0	0	1	
Q92871	PMM1	262	0	0	1	
Q13454	TUSC3	348	0	0	1	
Q13541	EIF4EBP1	118	0	0	1	
Q5VWZ2	LYPLAL1	237	0	0	1	
Q8TAP6	CEP76	659	0	1	0	
Q9GZT5	WNT10A	417	0	0	1	
O60602	TLR5	858	0	1	0	
Q01831	XPC	940	0	0	1	
Q96T23	RSF1	1441	0	1	0	
O94983	CAMTA2	1202	1	1	1	
P06241	FYN	537	0	0	2	
P54802	NAGLU	743	0	1	0	
Q8N6F7	GCSAM	178	0	0	1	
Q8TCT7	SPPL2B	592	1	0	0	
Q9NW75	GPATCH2	528	0	0	1	
P49354	FNTA	379	0	0	1	
Q14703	MBTPS1	1052	0	1	0	
Q96EX2	RNFT2	444	1	1	0	
Q13363	CTBP1	440	0	0	1	
Q9NXX6	NSMCE4A	385	0	0	1	
A8MW92	PHF20L1	1017	0	0	1	
O00299	CLIC1	241	0	1	0	
Q9HD42	CHMP1A	196	0	0	1	
Q8NCY6	MSANTD4	345	0	0	1	
P00395	MT-CO1	513	1	2	2	
P18577	RHCE	417	0	1	0	
Q13615	MTMR3	1198	0	1	0	
Q14241	ELOA	772	0	0	1	
P0C024	NUDT7	238	0	1	1	
Q86UP2	KTN1	1357	0	0	1	
Q12894	IFRD2	442	0	0	1	
O95164	UBL3	117	0	0	1	
Q15361	TTF1	905	1	1	0	
Q15382	RHEB	184	0	0	1	
O14503	BHLHE40	412	0	0	1	
O95807	TMEM50A	157	1	1	1	
Q6L8Q7	PDE12	609	0	0	1	
Q8TCX1	DYNC2LI1	351	0	1	0	
Q96C00	ZBTB9	473	0	1	0	
P55042	RRAD	308	0	0	1	
P56192	MARS1	900	1	1	1	
Q6GYQ0	RALGAPA1	2036	0	1	0	
Q9UHL4	DPP7	492	0	1	1	
Q16186	ADRM1	407	0	1	0	
Q17R98	ZNF827	1081	0	0	1	
Q9UPN9	TRIM33	1127	0	1	0	
Q9NPA0	EMC7	242	0	1	0	
P14625	HSP90B1	803	0	0	1	
O60307	MAST3	1309	0	0	1	
Q9H3H3	C11orf68	292	0	1	1	
Q96BI1	SLC67A1	424	0	0	1	
O75153	CLUH	1309	0	0	1	
Q9BTT4	MED10	135	0	1	1	
P50539	MXI1	228	0	1	0	
O75820	ZNF189	626	1	1	1	
P00519	ABL1	1130	0	1	0	
Q01081	U2AF1	240	0	1	2	
O94806	PRKD3	890	0	1	0	
P57060	RWDD2B	319	0	1	0	
Q7Z4S6	KIF21A	1674	0	1	0	
Q9GZR2	REXO4	422	0	0	1	
O14628	ZNF195	629	0	1	1	
O00311	CDC7	574	0	1	0	
P16930	FAH	419	0	1	0	
Q9Y530	OARD1	152	0	1	1	
Q9C0H2	TTYH3	523	0	0	1	
Q15102	PAFAH1B3	231	0	0	1	
Q8IZC4	RTKN2	609	1	1	0	
Q6TFL4	KLHL24	600	0	0	1	
P49721	PSMB2	201	0	1	0	
Q96AJ1	CLUAP1	413	0	0	1	
O43809	NUDT21	227	1	2	0	
P51571	SSR4	173	0	2	0	
Q9HAB8	PPCS	311	0	1	0	
Q9P260	RELCH	1216	0	1	0	
O00746	NME4	187	0	1	0	
B2RTY4	MYO9A	2548	0	1	0	
O75159	SOCS5	536	0	1	0	
Q99675	CGRRF1	332	0	0	1	
Q9HAB3	SLC52A2	445	0	1	1	
P11161	EGR2	476	0	0	1	
Q6IN85	PPP4R3A	833	0	1	0	
P0C875	FAM228B	324	0	1	0	
P61006	RAB8A	207	0	0	1	
Q6Q0C0	TRAF7	670	0	0	1	
Q9NUQ8	ABCF3	709	0	0	1	
A2RRH5	WDR27	827	0	1	0	
O60524	NEMF	1076	0	0	1	
Q96IG2	FBXL20	436	0	0	1	
Q9BWT6	MND1	205	0	0	1	
O14910	LIN7A	233	0	0	1	
Q96BP3	PPWD1	646	1	1	1	
Q9P227	ARHGAP23	1491	0	0	1	
O94916	NFAT5	1531	0	0	1	
Q9ULQ1	TPCN1	816	1	1	0	
Q13148	TARDBP	414	1	1	0	
Q2M3X9	ZNF674	581	0	0	2	
Q9HC21	SLC25A19	320	0	0	1	
Q5VW38	GPR107	600	0	0	1	
C9JN71	ZNF878	531	1	1	1	
Q9HAU8	RNPEPL1	725	1	0	2	
O95861	BPNT1	308	0	1	1	
Q14C86	GAPVD1	1478	0	1	0	
O95243	MBD4	580	0	1	0	
Q6P1A2	LPCAT3	487	0	0	1	
Q9Y5N6	ORC6	252	0	0	1	
Q16611	BAK1	211	0	1	0	
Q96CT7	CCDC124	223	0	1	0	
Q96PV7	FAM193B	902	0	1	0	
Q15561	TEAD4	434	0	0	1	
O15021	MAST4	2623	0	1	0	
Q5VWJ9	SNX30	437	0	0	1	
Q99747	NAPG	312	0	0	1	
Q9NXN4	GDAP2	497	1	1	1	
Q9BYM8	RBCK1	510	0	1	0	
Q9NR56	MBNL1	388	1	1	1	
Q659C4	LARP1B	914	0	0	1	
P22695	UQCRC2	453	0	0	2	
Q9H1J7	WNT5B	359	0	0	1	
Q9H422	HIPK3	1215	0	0	1	
A0A3B3IS91	POLGARF	260	0	0	1	
Q96AQ6	PBXIP1	731	0	1	0	
Q9UK59	DBR1	544	0	1	0	
P48553	TRAPPC10	1259	0	0	1	
Q9UJJ7	RPUSD1	312	0	0	1	
A6NKF1	SAC3D1	404	0	1	0	
Q4KMP7	TBC1D10B	808	0	0	1	
A8MWD9	SNRPGP15	76	0	0	1	
Q13206	DDX10	875	0	1	0	
P11216	PYGB	843	0	1	0	
Q13242	SRSF9	221	0	0	1	
Q9NRP7	STK36	1315	0	1	0	
P11177	PDHB	359	0	1	0	
Q9H061	TMEM126A	195	0	1	0	
P28290	ITPRID2	1259	0	1	0	
Q6P0Q8	MAST2	1798	0	1	0	
Q9BUL5	PHF23	403	0	1	1	
P25686	DNAJB2	324	0	2	1	
Q9BWL3	LTAP1	253	0	0	1	
Q9GZY8	MFF	342	0	1	0	
Q99952	PTPN18	460	1	1	0	
C9J7I0	UMAD1	137	1	1	1	
P43304	GPD2	727	0	1	0	
Q6PJ21	SPSB3	355	0	0	1	
Q8IZA0	KIAA0319L	1049	1	1	1	
Q8NHX9	TPCN2	752	0	1	0	
Q9UHW9	SLC12A6	1150	0	0	1	
Q86VX2	COMMD7	200	0	0	1	
Q8N442	GUF1	669	1	1	1	
Q330K2	NDUFAF6	333	0	0	1	
Q99733	NAP1L4	375	1	0	0	
P15291	B4GALT1	398	1	1	1	
P40937	RFC5	340	0	1	0	
P57740	NUP107	925	0	1	0	
P62699	YPEL5	121	0	1	0	
Q9NQR1	KMT5A	393	0	1	0	
Q14865	ARID5B	1188	0	0	1	
Q16612	NREP	68	0	0	1	
Q9H8Y5	ANKZF1	726	0	0	1	
Q13610	PWP1	501	0	1	0	
O75251	NDUFS7	213	0	1	0	
Q9H6R7	WDCP	721	0	0	1	
Q8IW35	CEP97	865	1	0	0	
Q53FV1	ORMDL2	153	1	1	0	
Q12872	SFSWAP	951	0	1	2	
Q96A54	ADIPOR1	375	0	1	0	
P04085	PDGFA	211	0	1	0	
Q9H0C5	BTBD1	482	0	0	1	
Q9H6Y7	RNF167	350	1	0	1	
Q6P2C8	MED27	311	2	1	1	
Q8TDN4	CABLES1	633	0	1	0	
P16520	GNB3	340	1	1	1	
Q9P2R7	SUCLA2	463	1	1	0	
A2VDJ0	TMEM131L	1609	0	1	0	
Q08380	LGALS3BP	585	0	1	0	
Q9H892	TTC12	705	0	1	1	
Q5SR56	SLC71A2	506	0	1	0	
Q9UKB1	FBXW11	542	0	1	1	
O75396	SEC22B	215	0	0	1	
Q16254	E2F4	413	0	1	0	
Q68CQ7	GLT8D1	371	0	1	0	
P50502	ST13	369	0	2	1	
Q96NB2	SFXN2	322	0	0	1	
Q9NRW4	DUSP22	184	1	1	1	
Q9BVK8	TMEM147	224	0	0	1	
Q12904	AIMP1	312	0	0	1	
Q96ER9	CCDC51	411	0	0	1	
Q13946	PDE7A	482	0	0	1	
Q9H2D1	SLC25A32	315	0	0	1	
P35236	PTPN7	360	0	1	1	
Q8N392	ARHGAP18	663	0	0	1	
Q96PE3	INPP4A	977	0	0	1	
Q9BV23	ABHD6	337	0	0	1	
Q9H9A5	CNOT10	744	0	0	1	
Q8WXF8	DEDD2	326	1	1	0	
Q5T9A4	ATAD3B	648	1	0	0	
Q8N2H9	PELI3	469	0	0	1	
Q9UJX5	ANAPC4	808	0	1	1	
P20248	CCNA2	432	0	0	1	
Q6P435		159	0	0	1	
P61009	SPCS3	180	0	1	0	
Q16836	HADH	314	0	0	1	
Q9UBU9	NXF1	619	1	1	0	
Q9H469	FBXL15	300	0	1	0	
Q9BRT6	LLPH	129	0	3	1	
Q9BXC9	BBS2	721	0	0	1	
Q9NUM3	SLC39A9	307	1	1	0	
Q8TBK2	SETD6	473	0	0	1	
Q01151	CD83	205	1	1	1	
Q96GC6	ZNF274	653	0	1	0	
O76081	RGS20	388	0	0	2	
Q9NYK6	EURL	297	1	1	0	
Q9Y376	CAB39	341	0	0	1	
Q9Y508	RNF114	228	1	1	1	
Q53H96	PYCR3	274	0	0	1	
B3EWF7	EPM2A	344	0	1	0	
O43791	SPOP	374	0	1	0	
Q9NRM2	ZNF277	450	0	1	0	
Q15542	TAF5	800	0	1	0	
O14737	PDCD5	125	0	0	1	
Q8IYL2	TRMT44	757	0	0	1	
Q8NFH4	NUP37	326	0	0	1	
Q99728	BARD1	777	0	0	1	
Q53EZ4	CEP55	464	0	1	0	
Q9UGP4	LIMD1	676	0	0	1	
Q99798	ACO2	780	0	0	1	
Q6P474	PDXDC2P	469	0	1	0	
Q9UGJ0	PRKAG2	569	0	1	0	
Q9BZ95	NSD3	1437	0	0	1	
Q5PRF9	SAMD4B	694	0	1	0	
Q96B01	RAD51AP1	352	1	0	2	
Q96GW9	MARS2	593	0	0	1	
Q14055	COL9A2	689	0	0	1	
Q15554	TERF2	542	0	1	0	
Q99828	CIB1	191	0	0	1	
O15226	NKRF	690	0	0	1	
Q9NSN8	SNTG1	517	0	1	0	
Q502X0	MORN2	79	0	1	1	
Q9NQ66	PLCB1	1216	0	1	0	
Q9NPR2	SEMA4B	837	0	0	1	
Q15035	TRAM2	370	0	0	1	
Q96MF7	NSMCE2	247	0	0	1	
O60934	NBN	754	0	0	1	
Q9C0A6	SETD5	1442	0	1	0	
Q9GZP9	DERL2	239	1	0	0	
Q9NV12	TMEM140	185	1	1	0	
O60303	KATNIP	1618	0	0	1	
Q15126	PMVK	192	0	0	1	
P20273	CD22	847	0	1	0	
Q3ZCQ3	FAM174B	159	1	1	0	
Q03933	HSF2	536	0	1	0	
P43897	TSFM	325	0	0	1	
Q9HD36	BCL2L10	204	0	1	0	
Q7L513	FCRLA	359	0	1	0	
Q8WVM0	TFB1M	346	0	1	0	
Q6UX98	ZDHHC24	284	1	1	0	
Q99558	MAP3K14	947	0	1	1	
Q8N6T7	SIRT6	355	0	0	1	
Q96EK9	KTI12	354	0	1	0	
Q8NB66	UNC13C	2214	0	0	1	
Q9HA82	CERS4	394	0	1	0	
Q70Z35	PREX2	1606	0	1	0	
Q8WUT9	SLC25A43	341	1	1	1	
Q9BZR9	TRIM8	551	0	0	1	
O60664	PLIN3	434	0	0	1	
Q96RG2	PASK	1323	0	0	1	
P78549	NTHL1	304	0	0	1	
Q7Z2K8	GPRIN1	1008	0	1	1	
P32322	PYCR1	319	0	0	1	
Q96KQ7	EHMT2	1210	0	0	1	
Q9UM11	FZR1	496	0	0	1	
P0CG13	CHTF8	121	1	0	0	
Q96AX9	MIB2	955	0	0	1	
Q969P5	FBXO32	355	0	1	1	
O75123	ZNF623	536	0	1	0	
O75771	RAD51D	328	0	1	1	
P29372	MPG	298	1	0	0	
Q9Y4E5	ZNF451	1061	0	0	1	
Q14697	GANAB	944	0	0	1	
Q9H9E1	ANKRA2	313	0	0	1	
Q9Y4A0	JRKL	524	0	0	1	
Q9Y6R4	MAP3K4	1608	0	1	1	
O75061	DNAJC6	913	0	0	1	
Q96PG8	BBC3	261	0	0	1	
O95208	EPN2	641	0	0	1	
Q8IX18	DHX40	779	0	0	1	
Q9ULE6	PALD1	856	0	0	1	
P49005	POLD2	469	0	0	1	
P61163	ACTR1A	376	0	0	1	
Q9HBF4	ZFYVE1	777	0	0	1	
Q96FF9	CDCA5	252	0	0	1	
Q5JUR7	TEX30	227	0	0	1	
O00555	CACNA1A	2506	0	1	0	
Q8WW59	SPRYD4	207	0	1	1	
P62330	ARF6	175	0	1	1	
Q6P1X6	C8orf82	216	0	1	0	
P63151	PPP2R2A	447	0	1	0	
Q5THK1	PRR14L	2151	0	1	0	
Q9Y3T9	NOC2L	749	0	1	0	
Q3MIX3	ADCK5	580	0	1	0	
Q6ICL7	SLC35E4	350	0	1	0	
Q9BRQ3	NUDT22	303	0	1	1	
Q9Y676	MRPS18B	258	0	0	1	
Q8N5C6	SRBD1	995	0	1	0	
Q9UJV9	DDX41	622	0	1	1	
O95236	APOL3	402	1	1	0	
Q76I76	SSH2	1423	0	1	0	
Q8NCN4	RNF169	708	0	1	0	
Q6V1X1	DPP8	898	0	1	0	
Q99575	POP1	1024	0	1	1	
Q9NYL4	FKBP11	201	0	1	1	
Q06587	RING1	406	0	0	1	
Q0VGL1	LAMTOR4	99	0	0	1	
Q8WWY8	LIPH	451	0	1	1	
Q9BVL4	SELENOO	669	0	0	1	
Q8WXF1	PSPC1	523	0	0	1	
Q5T3U5	ABCC10	1492	0	0	1	
O96018	APBA3	575	0	0	1	
Q8IVQ6	ZDHHC21	265	0	1	1	
Q12986	NFX1	1120	0	0	1	
Q8ND25	ZNRF1	227	0	0	1	
Q969X5	ERGIC1	290	0	0	1	
O75439	PMPCB	489	0	0	1	
Q96KV7	WDR90	1748	0	1	1	
P42126	ECI1	302	0	1	0	
Q86WK9	PAQR7	346	1	0	0	
Q96H20	SNF8	258	0	1	0	
Q9UPS8	ANKRD26	1710	0	1	0	
Q9H9A6	LRRC40	602	0	0	1	
Q9UL15	BAG5	447	0	1	0	
O60784	TOM1	492	0	0	1	
O95985	TOP3B	862	0	0	1	
Q9NVR0	KLHL11	708	0	1	1	
P48595	SERPINB10	397	0	1	0	
Q04760	GLO1	184	0	1	0	
Q8N128	FAM177A1	213	0	0	1	
Q9BWD1	ACAT2	397	0	0	1	
Q56VL3	OCIAD2	154	0	1	0	
Q9NZJ7	MTCH1	389	0	2	0	
Q15269	PWP2	919	0	0	1	
Q7Z3C6	ATG9A	839	0	0	1	
Q8IYJ3	SYTL1	562	0	0	1	
Q8TDR2	STK35	534	0	0	1	
Q96FV0	LRRC46	321	1	0	0	
P23284	PPIB	216	0	0	1	
Q16795	NDUFA9	377	0	0	1	
Q9BV86	NTMT1	223	0	1	0	
Q9NWQ8	PAG1	432	0	0	1	
Q13601	KRR1	381	0	1	0	
Q15404	RSU1	277	0	2	0	
Q9UNX4	WDR3	943	0	0	1	
O60704	TPST2	377	0	1	0	
Q14676	MDC1	2089	0	0	1	
Q9Y2D2	SLC35A3	325	0	0	2	
P09601	HMOX1	288	0	1	0	
P42771	CDKN2A	156	0	1	0	
Q8TDM0	BCAS4	211	0	1	0	
Q7Z695	ADCK2	626	1	0	1	
Q86XD8	ZFAND4	727	0	0	1	
P08621	SNRNP70	437	0	1	1	
Q9UDT6	CLIP2	1046	0	0	1	
Q06330	RBPJ	500	0	1	0	
O95864	FADS2	444	0	2	2	
P27987	ITPKB	946	0	0	1	
Q9Y366	IFT52	437	0	1	0	
P46782	RPS5	204	0	0	1	
Q13510	ASAH1	395	0	1	0	
O75586	MED6	246	0	0	1	
Q6UWP7	LCLAT1	414	0	1	0	
O75064	DENND4B	1496	0	1	0	
Q8TCU6	PREX1	1659	0	0	1	
Q13630	GFUS	321	0	1	0	
Q7Z4W1	DCXR	244	0	0	1	
Q6P4R8	NFRKB	1299	0	1	0	
Q15526	SURF1	300	0	1	0	
Q9H089	LSG1	658	0	0	1	
P13501	CCL5	91	0	0	1	
Q53F19	NCBP3	620	0	0	1	
O43402	EMC8	210	1	0	0	
P32314	FOXN2	431	1	1	0	
Q7Z6J9	TSEN54	526	0	1	0	
Q68CJ6	NUGGC	796	0	1	0	
Q8N8L6	ARL10	244	0	1	0	
Q6PGN9	PSRC1	363	0	0	1	
Q13451	FKBP5	457	0	1	0	
Q8IXZ2	ZC3H3	948	0	0	1	
P78406	RAE1	368	0	0	1	
Q7Z2T5	TRMT1L	733	1	1	1	
Q96GX9	APIP	242	0	1	0	
Q9NS73	MBIP	344	0	1	2	
Q6NS38	ALKBH2	261	1	0	0	
Q96AA3	RFT1	541	0	0	1	
Q12830	BPTF	3046	0	0	1	
Q7L8J4	SH3BP5L	393	0	0	1	
P78560	CRADD	199	0	0	1	
Q96S65	CSRNP1	589	0	1	0	
Q96S16	JMJD8	264	1	1	0	
P36776	LONP1	959	0	0	1	
Q86V48	LUZP1	1076	0	1	0	
P26651	ZFP36	326	0	0	1	
Q8WXG1	RSAD2	361	0	1	0	
Q9P2K6	KLHL42	505	0	0	1	
Q96SI9	STRBP	672	0	0	1	
Q9NR82	KCNQ5	932	0	1	1	
P35916	FLT4	1363	0	1	0	
Q9H008	LHPP	270	0	0	1	
O75695	RP2	350	1	0	0	
Q92614	MYO18A	2054	0	1	0	
Q8IYL3	C1orf174	243	0	1	0	
Q14626	IL11RA	422	0	1	1	
Q5SRI9	MANEA	462	0	1	1	
Q93073	SECISBP2L	1101	0	1	0	
O00743	PPP6C	305	0	2	0	
P12980	LYL1	280	0	1	0	
Q9BSM1	PCGF1	259	0	1	1	
Q8WXH0	SYNE2	6885	0	1	0	
P35637	FUS	526	0	0	1	
Q9Y3C8	UFC1	167	0	1	0	
O95881	TXNDC12	172	0	0	1	
Q8TCJ0	FBXO25	367	0	0	2	
Q5VTE6	ANGEL2	544	0	0	1	
Q8IXK0	PHC2	858	0	1	0	
Q9H2D6	TRIOBP	2365	0	0	1	
O00217	NDUFS8	210	0	1	0	
Q499Y3		187	0	1	1	
Q7Z3B0	SMIM15	74	1	1	0	
P22681	CBL	906	0	0	1	
P04062	GBA1	536	0	0	1	
Q16740	CLPP	277	0	1	0	
P57054	PIGP	158	0	1	0	
Q14257	RCN2	317	0	1	0	
Q8NBA8	DTWD2	298	0	0	1	
Q9BTX7	TTPAL	342	0	0	1	
Q6ZS10	CLEC17A	378	0	1	0	
Q9BUB4	ADAT1	502	0	0	1	
Q9P2L0	WDR35	1181	0	0	1	
Q9UKR5	ERG28	140	0	1	0	
Q9HBH9	MKNK2	465	0	1	0	
Q16539	MAPK14	360	0	1	0	
Q03519	TAP2	686	0	1	0	
Q96FJ0	STAMBPL1	436	0	0	1	
Q9NVM6	DNAJC17	304	0	1	0	
Q96HH9	GRAMD2B	432	0	0	1	
Q99757	TXN2	166	0	0	1	
Q6PGQ7	BORA	559	0	0	1	
O95433	AHSA1	338	0	0	1	
Q53GI3	ZNF394	561	0	0	1	
P49406	MRPL19	292	0	1	0	
P18031	PTPN1	435	0	0	1	
Q8IWX5	SGPP2	399	0	1	0	
Q3V6T2	CCDC88A	1871	0	0	1	
Q96RQ1	ERGIC2	377	0	1	0	
Q8WTW4	NPRL2	380	0	1	0	
Q969F9	HPS3	1004	0	0	1	
O43314	PPIP5K2	1243	0	0	1	
Q8IY92	SLX4	1834	0	1	0	
O15530	PDPK1	556	0	0	1	
Q07812	BAX	192	0	1	0	
Q9Y5B6	PAXBP1	917	0	1	0	
Q14050	COL9A3	684	0	0	2	
P19793	RXRA	462	0	1	0	
Q86WA6	BPHL	291	0	0	1	
Q96K49	TMEM87B	657	0	0	0	
Q9NZ08	ERAP1	941	0	1	0	
Q9C099	LRRCC1	1032	0	0	1	
P57772	EEFSEC	596	0	1	0	
Q9H501	ESF1	851	0	1	0	
P41273	TNFSF9	254	0	0	1	
Q86Y13	DZIP3	1208	0	1	1	
Q9H490	PIGU	435	0	1	0	
Q5EE01	CENPW	88	0	1	0	
Q8N0W5	IQCK	287	0	1	0	
O14511	NRG2	850	0	0	1	
Q6ZXV5	TMTC3	915	0	0	1	
Q8NDB2	BANK1	785	0	1	1	
Q9UBM7	DHCR7	475	0	1	1	
Q9Y4L5	RNF115	304	0	0	1	
Q969M3	YIPF5	257	0	1	1	
O43913	ORC5	435	0	0	1	
Q8N9N2	ASCC1	400	1	0	1	
Q9NQZ5	STARD7	370	0	0	1	
O75575	CRCP	148	0	1	0	
Q9H5I5	PIEZO2	2752	0	1	0	
Q96RK0	CIC	2517	0	0	1	
Q8IUX4	APOBEC3F	373	0	2	1	
O95819	MAP4K4	1239	0	1	2	
